vid,init_time,tls_distance,stop_distance,time_to_green,tls_light_count,time_of_pass,leading_cars,stop_leading_cars,stop_duration
right_35,56.0,499.998578439835,1.0010326118782018,0.0,0,193.0,7,0,87.0
right_37,111.0,8.502042006129102,8.502042006129102,75.0,1,198.0,1,1,83.0
right_44,111.0,35.62160003489248,23.504229625077585,75.0,1,204.0,3,3,1.0
right_120,221.0,172.28115369028984,-1.0,0.0,0,245.0,12,-1,-1.0
right_168,276.0,157.11107682479513,1.0010676279478616,0.0,0,385.0,1,0,95.0
right_178,276.0,415.25821643350645,16.00311002976332,0.0,0,393.0,3,2,79.0
right_196,331.0,315.9423685200512,68.51043169090923,47.0,1,410.0,9,9,2.0
right_203,331.0,391.6442563736811,76.01136809733548,47.0,1,412.0,10,10,35.0
right_205,331.0,439.6319191779942,83.5124013376619,47.0,1,414.0,11,11,33.0
right_211,331.0,493.1360664247535,98.5144218648902,47.0,1,418.0,13,13,28.0
right_237,386.0,483.4602666876279,-1.0,0.0,0,437.0,22,-1,-1.0
right_264,441.0,486.8941782892682,1.0010620569860291,0.0,0,577.0,8,0,95.0
right_274,496.0,131.28238383883956,31.00515282431138,74.0,1,591.0,4,4,69.0
right_297,551.0,91.01363954739168,91.01363954739168,19.0,1,608.0,12,12,5.0
right_303,551.0,309.40327541157586,113.51652763008428,19.0,1,614.0,15,15,23.0
right_367,606.0,434.5302653975785,-1.0,0.0,0,639.0,17,-1,-1.0
right_391,661.0,165.8982171405935,1.0010809574241648,0.0,0,769.0,1,0,92.0
right_397,661.0,259.5577764968388,8.502118238320007,0.0,0,774.0,2,1,88.0
right_419,716.0,176.85175528228277,61.00927432203577,46.0,1,793.0,8,8,47.0
right_422,716.0,280.4678898724726,68.51028723348156,46.0,1,795.0,9,9,42.0
right_439,771.0,106.0154550589207,106.0154550589207,0.0,0,805.0,13,13,12.0
right_484,826.0,0.9257160741236136,-1.0,0.0,0,826.0,0,-1,-1.0
right_521,826.0,482.2537989861332,1.0010831805063276,0.0,0,961.0,8,0,95.0
right_524,826.0,498.341567276232,8.502135749493847,0.0,0,966.0,9,1,88.0
right_529,881.0,16.00318964554606,16.00318964554606,73.0,1,969.0,2,2,82.0
right_543,881.0,23.506876394639622,23.504330562126942,73.0,1,972.0,3,3,1.0
right_575,936.0,91.02121728911777,91.0133086133583,18.0,1,992.0,12,12,34.0
right_578,936.0,198.54706060569734,106.01536947934295,18.0,1,996.0,14,14,26.0
right_581,936.0,308.9283611401125,113.51641453627578,18.0,1,998.0,15,15,22.0
right_590,936.0,493.95531178079545,143.52053101642588,18.0,1,1006.0,19,15,7.0
right_607,991.0,180.18971511922473,-1.0,0.0,0,1016.0,12,-1,-1.0
right_628,991.0,494.2186236760579,-1.0,0.0,0,1030.0,18,-1,-1.0
right_649,1046.0,163.83790821465138,1.0010869596173393,0.0,0,1153.0,1,0,88.0
right_662,1046.0,482.74226374179125,31.00522689772856,0.0,0,1166.0,5,4,70.0
right_672,1101.0,114.13016343861044,61.009358122721494,45.0,1,1176.0,8,8,50.0
right_740,1211.0,487.9528546779417,1.0010247704652215,0.0,0,1345.0,8,0,91.0
right_759,1266.0,435.05948612568903,53.50834233659708,72.0,1,1366.0,7,7,53.0
right_783,1321.0,260.92229148233304,98.51445457646156,17.0,1,1379.0,13,13,20.0
right_794,1321.0,328.3432201107032,106.01545923608684,17.0,1,1381.0,14,14,18.0
right_797,1321.0,445.13486914355315,121.01757753259476,17.0,1,1385.0,16,14,10.0
right_815,1376.0,159.08559667993853,-1.0,0.0,0,1396.0,10,-1,-1.0
right_861,1431.0,115.51530056681965,1.0010756270297063,0.0,0,1537.0,1,0,94.0
right_862,1431.0,237.140553188417,8.502166454056635,0.0,0,1542.0,2,1,86.0
right_869,1431.0,311.9292674307711,16.003184552145285,0.0,0,1545.0,3,2,86.0
right_883,1486.0,53.50844996282604,53.50844996282604,44.0,1,1558.0,7,7,2.0
right_886,1486.0,61.009452550760784,61.009452550760784,44.0,1,1560.0,8,8,8.0
right_968,1596.0,478.39754972122614,1.0010365997918598,0.0,0,1729.0,7,0,91.0
right_972,1596.0,496.06475656051185,8.502095563830322,0.0,0,1734.0,8,1,89.0
right_974,1651.0,16.003134989833654,16.003134989833654,71.0,1,1737.0,2,2,80.0
right_1017,1706.0,139.08043332911393,106.01579675845386,16.0,1,1765.0,14,14,29.0
right_1082,1816.0,229.96210403068767,1.0011011123238518,0.0,0,1921.0,1,0,18.0
right_1091,1816.0,496.9787700356916,31.005060003600025,0.0,0,1935.0,5,4,63.0
right_1154,1926.0,458.22128268157485,-1.0,0.0,0,1973.0,21,-1,-1.0
right_1201,1981.0,481.1768014831469,1.0010375535124467,0.0,0,2113.0,6,0,89.0
right_1236,2091.0,91.01434232309064,91.01356131535015,15.0,1,2144.0,12,12,3.0
right_1279,2146.0,258.5357988880016,-1.0,0.0,0,2169.0,11,-1,-1.0
right_1307,2201.0,170.3819344438137,1.0010981394430587,0.0,0,2305.0,1,0,86.0
right_1313,2201.0,399.62751924553885,16.003221499802635,0.0,0,2313.0,3,2,76.0
right_1329,2201.0,499.8487958398648,38.5063837165776,0.0,0,2321.0,6,5,60.0
right_1375,2311.0,430.46054197112096,-1.0,0.0,0,2355.0,20,-1,-1.0
right_1377,2311.0,464.7307545060292,-1.0,0.0,0,2357.0,21,-1,-1.0
right_1412,2366.0,436.37077643510514,-1.0,0.0,0,2395.0,5,-1,-1.0
right_1414,2366.0,471.5698453621008,1.0010418304092925,0.0,0,2497.0,6,0,88.0
right_1422,2366.0,493.3791010756977,8.502088039260798,0.0,0,2502.0,7,1,87.0
right_1424,2421.0,16.00314459144022,16.00314459144022,69.0,1,2505.0,2,2,78.0
right_1426,2421.0,23.50421878289029,23.50421878289029,69.0,1,2508.0,3,3,79.0
right_1459,2476.0,91.01351166441998,91.01351166441998,14.0,1,2528.0,12,12,5.0
right_1534,2586.0,96.52772333323952,1.0010437659796023,0.0,0,2689.0,1,0,90.0
right_1539,2586.0,310.1926722156815,16.003224603175966,0.0,0,2698.0,3,2,13.0
right_1573,2641.0,498.00160650508735,98.51439583317108,41.0,1,2723.0,13,13,19.0
right_1626,2751.0,431.73030639179046,1.001100661439807,0.0,0,2881.0,5,0,14.0
right_1634,2751.0,491.4003081924282,16.003438110922502,0.0,0,2889.0,7,2,1.0
right_1653,2806.0,38.62167397990419,38.50607530886288,68.0,1,2897.0,5,5,73.0
right_1747,2971.0,83.23593046249765,1.0010049385280697,95.0,0,3073.0,1,0,89.0
right_1762,2971.0,341.2137936925515,23.504117551348198,95.0,0,3084.0,4,3,77.0
right_1767,2971.0,457.51048479583113,38.50618252090135,95.0,0,3089.0,6,5,70.0
right_1805,3081.0,121.01759510561449,121.01759510561449,0.0,0,3112.0,14,14,8.0
right_1834,3081.0,494.0728456729215,-1.0,0.0,0,3129.0,23,-1,-1.0
right_1864,3136.0,154.77012667254763,-1.0,0.0,0,3144.0,1,-1,-1.0
right_1870,3136.0,309.83313578953965,-1.0,0.0,0,3156.0,3,-1,-1.0
right_1882,3136.0,436.53074113860526,1.001084708786948,0.0,0,3265.0,5,0,91.0
right_1898,3191.0,365.56477453615514,61.00935223198661,67.0,1,3289.0,8,8,55.0
right_1900,3191.0,429.0426567317849,68.51037688792553,67.0,1,3291.0,9,9,50.0
right_1902,3191.0,484.5245529411361,76.01141329546091,67.0,1,3293.0,10,10,46.0
right_1920,3246.0,349.3333580988459,128.51870384950797,12.0,1,3307.0,17,16,15.0
right_1995,3356.0,12.707191842246802,1.0010947221652486,94.0,0,3457.0,0,0,92.0
right_2000,3356.0,244.8201626610011,16.003258806638538,94.0,0,3465.0,2,2,1.0
right_2021,3411.0,85.12295517707885,61.00938816239028,39.0,1,3480.0,8,8,46.0
right_2024,3411.0,239.6033522732227,68.51045229004728,39.0,1,3482.0,9,9,38.0
right_2027,3411.0,323.7478978744708,76.01153861172918,39.0,1,3484.0,10,10,35.0
right_2041,3466.0,113.5169077273053,113.5169077273053,0.0,0,3494.0,12,12,6.0
right_2088,3521.0,436.07847168324514,1.0010331238658523,0.0,0,3649.0,5,0,94.0
right_2096,3521.0,499.4597941977903,16.00309408944605,0.0,0,3658.0,7,2,81.0
right_2106,3576.0,127.58406893294297,46.00721770576331,66.0,1,3668.0,6,6,70.0
right_2111,3576.0,291.3321064575575,53.508257222918424,66.0,1,3670.0,7,7,58.0
right_2184,3686.0,328.77851889701554,-1.0,0.0,0,3709.0,11,-1,-1.0
right_2203,3741.0,6.6652495110133145,1.001026018040875,93.0,0,3841.0,0,0,92.0
right_2210,3741.0,201.6425549712771,16.003047585713606,93.0,0,3849.0,2,2,84.0
right_2234,3796.0,287.4288724203593,83.51249186948984,38.0,1,3870.0,11,11,8.0
right_2237,3796.0,371.63464803081,91.01355882888805,38.0,1,3872.0,12,12,1.0
right_2293,3906.0,34.26624060049994,-1.0,0.0,0,3908.0,0,-1,-1.0
right_2295,3906.0,142.24562192310518,-1.0,0.0,0,3916.0,1,-1,-1.0
right_2305,3906.0,419.2392317161895,1.0010180553595092,0.0,0,4033.0,5,0,94.0
right_2329,3961.0,63.84044458193938,46.007269826000424,65.0,1,4052.0,6,6,71.0
right_2363,4016.0,428.18326786831017,136.01974396607216,10.0,1,4077.0,18,14,6.0
right_2385,4071.0,172.23201611919922,-1.0,0.0,0,4090.0,10,-1,-1.0
right_2395,4071.0,442.68706052482065,-1.0,0.0,0,4100.0,14,-1,-1.0
right_2416,4126.0,9.431225615056633,1.0010340045387238,92.0,0,4225.0,0,0,94.0
right_2420,4126.0,216.69116720609023,16.00314053819767,92.0,0,4233.0,2,2,83.0
right_2466,4181.0,463.29960533073165,98.51474626222023,37.0,1,4258.0,13,13,6.0
right_2476,4236.0,136.01987590785757,136.01987590785757,0.0,0,4267.0,14,14,3.0
right_2540,4291.0,426.2792831700057,1.0010733554429976,0.0,0,4417.0,5,0,91.0
right_2573,4346.0,359.9252452878088,61.00941292198331,64.0,1,4440.0,8,8,53.0
right_2579,4401.0,83.5124943867886,83.5124943867886,9.0,1,4447.0,11,11,27.0
right_2598,4401.0,436.05497496472674,143.52073605680567,9.0,1,4462.0,19,16,9.0
right_2618,4456.0,161.03625794455024,-1.0,0.0,0,4473.0,9,-1,-1.0
right_2651,4511.0,26.287170647253166,1.0011066058681877,91.0,0,4609.0,0,0,3.0
right_2656,4511.0,114.65167663376765,8.502119604608424,91.0,0,4614.0,1,1,4.0
right_2694,4566.0,61.00927061744625,61.00927061744625,36.0,1,4632.0,8,8,6.0
right_2776,4676.0,112.2797722296014,-1.0,0.0,0,4682.0,1,-1,-1.0
right_2798,4676.0,445.07043054709214,1.0010232103830958,0.0,0,4801.0,5,0,87.0
right_2801,4676.0,483.7142883437685,8.502041192300227,0.0,0,4806.0,6,1,81.0
right_2861,4841.0,118.20157065173281,-1.0,0.0,0,4853.0,6,-1,-1.0
right_2901,4896.0,1.0030399690024296,1.0010350106350645,90.0,0,4993.0,0,0,93.0
right_2933,4951.0,342.1768936233595,91.01349888643877,35.0,1,5025.0,12,12,18.0
right_2938,4951.0,404.21383647639306,98.51451786786087,35.0,1,5027.0,13,13,16.0
right_2941,4951.0,478.28742250110946,113.51658390198332,35.0,1,5031.0,15,15,10.0
right_2975,5006.0,498.5821199048312,-1.0,0.0,0,5054.0,23,-1,-1.0
right_3005,5061.0,404.3597881221805,1.0011029063666683,0.0,0,5185.0,5,0,20.0
right_3027,5116.0,61.36737656786147,46.00718436100782,62.0,1,5204.0,6,6,63.0
right_3029,5116.0,172.59199841669275,53.50819563472254,62.0,1,5206.0,7,7,62.0
right_3031,5116.0,350.7642274416982,61.00927088401022,62.0,1,5208.0,8,8,51.0
right_3123,5226.0,488.46517433375124,-1.0,0.0,0,5262.0,14,-1,-1.0
right_3135,5281.0,1.001979155252343,1.0010269438929529,89.0,1,5377.0,0,0,93.0
right_3137,5281.0,77.17810077567589,8.502137839650288,89.0,1,5382.0,1,1,1.0
right_3141,5281.0,268.6682808522636,23.504180854058518,89.0,1,5389.0,3,3,78.0
right_3172,5336.0,224.91367964200916,91.01350813197132,34.0,1,5409.0,12,12,10.0
right_3182,5336.0,455.6648320655338,113.51659140652978,34.0,1,5415.0,15,15,2.0
right_3200,5391.0,151.021752906738,151.021752906738,0.0,0,5425.0,16,16,1.0
right_3239,5446.0,445.72103044129915,1.001101510269848,0.0,0,5569.0,5,0,6.0
right_3242,5446.0,490.7732172803953,8.502006975702216,0.0,0,5574.0,6,1,78.0
right_3289,5556.0,412.11741082742816,136.01938558398126,6.0,1,5613.0,18,13,3.0
right_3314,5611.0,151.85379104155385,-1.0,0.0,0,5626.0,8,-1,-1.0
right_3337,5666.0,1.001364111445639,1.00104768059839,88.0,1,5761.0,0,0,92.0
right_3338,5666.0,22.137510478382527,8.50207895880584,88.0,1,5766.0,1,1,88.0
right_3348,5666.0,328.1172961237321,31.005320702080727,88.0,1,5775.0,4,4,5.0
right_3412,5776.0,329.92334335790304,-1.0,0.0,0,5816.0,19,-1,-1.0
right_3443,5831.0,371.1798731605005,1.0010620373965369,0.0,0,5953.0,4,0,92.0
right_3540,6051.0,1.0098087006487615,1.0010496597099063,87.0,1,6145.0,0,0,90.0
right_3543,6051.0,16.56398038690509,8.502104762072975,87.0,1,6150.0,1,1,87.0
right_3562,6051.0,481.88139946134766,46.007288092863575,87.0,1,6164.0,6,6,27.0
right_3575,6106.0,68.56490001899726,68.5104027018196,32.0,1,6171.0,9,9,11.0
right_3616,6161.0,472.4541002388112,-1.0,0.0,0,6202.0,20,-1,-1.0
right_3628,6216.0,357.465332614258,1.001009041370594,0.0,0,6337.0,4,0,92.0
right_3664,6326.0,91.01337035288445,91.01337035288445,4.0,1,6369.0,12,12,23.0
right_3695,6381.0,132.9129730672559,-1.0,0.0,0,6394.0,6,-1,-1.0
right_3702,6381.0,274.45632133157915,-1.0,0.0,0,6398.0,8,-1,-1.0
right_3728,6436.0,1.0011710383257082,1.001059011791881,86.0,1,6529.0,0,0,91.0
right_3734,6436.0,86.1083887756801,16.003189219515377,86.0,1,6537.0,2,2,82.0
right_3753,6491.0,354.1436089435593,91.01354908991152,31.0,1,6560.0,12,12,27.0
right_3778,6546.0,151.05862451740646,-1.0,0.0,0,6576.0,14,-1,-1.0
right_3824,6601.0,412.7827213868498,1.001037730327596,0.0,0,6721.0,4,0,87.0
right_3849,6656.0,353.46758864047007,53.50828003336432,58.0,1,6742.0,7,7,45.0
right_3853,6656.0,410.05481054158884,61.00934345329802,58.0,1,6744.0,8,8,43.0
right_3877,6711.0,186.03075418303456,121.01777175059864,3.0,1,6761.0,16,15,1.0
right_3901,6766.0,203.39616847701373,-1.0,0.0,0,6781.0,8,-1,-1.0
right_3932,6821.0,1.001019515881353,1.001019515881353,85.0,1,6913.0,0,0,92.0
right_3941,6821.0,288.94930527303364,23.504246389785923,85.0,1,6925.0,3,3,71.0
right_3971,6876.0,153.9154271246971,83.51264064327552,30.0,1,6944.0,11,11,34.0
right_4038,6986.0,365.869548077602,1.0010628305888076,0.0,0,7105.0,3,0,89.0
right_4044,6986.0,435.92842762665816,8.502081443320776,0.0,0,7110.0,4,1,86.0
right_4077,7096.0,177.45841033492576,113.51659662170198,2.0,1,7143.0,15,14,8.0
right_4131,7151.0,492.13688824083664,-1.0,0.0,0,7191.0,11,-1,-1.0
right_4135,7206.0,1.0011041462551589,1.0011041462551589,84.0,1,7297.0,0,0,2.0
right_4161,7261.0,76.01462716593517,76.01139394013666,29.0,1,7325.0,10,10,43.0
right_4210,7316.0,391.06437577773386,-1.0,0.0,0,7352.0,17,-1,-1.0
right_4242,7371.0,341.49990784805266,1.0010075428346,0.0,0,7489.0,4,0,91.0
right_4298,7481.0,372.84490192616363,128.51873382895576,1.0,1,7530.0,17,13,3.0
right_4308,7481.0,469.9154348092873,-1.0,1.0,1,7534.0,19,-1,-1.0
right_4327,7536.0,167.3139255182325,-1.0,0.0,0,7546.0,4,-1,-1.0
right_4355,7591.0,1.0014081105262562,1.0010209065983418,83.0,1,7681.0,0,0,88.0
right_4382,7591.0,491.0322685068474,53.508330410914475,83.0,1,7702.0,7,7,58.0
right_4385,7646.0,68.51050222674377,68.51050222674377,28.0,1,7706.0,9,9,34.0
right_4396,7646.0,108.43668767177708,83.5125630795302,28.0,1,7710.0,11,11,38.0
right_4443,7701.0,494.5409457247704,-1.0,0.0,0,7743.0,21,-1,-1.0
right_4471,7756.0,309.11752437176176,1.0010095575277091,0.0,0,7873.0,3,0,90.0
right_4547,7921.0,36.235214628553074,-1.0,0.0,0,7924.0,1,-1,-1.0
right_4566,7921.0,441.8020331549458,-1.0,0.0,0,7954.0,9,-1,-1.0
right_4582,7976.0,1.001069698433014,1.001069698433014,82.0,1,8065.0,0,0,89.0
right_4613,8031.0,455.3508959952742,106.01568899541023,27.0,1,8100.0,14,14,15.0
right_4652,8086.0,415.61871040165425,-1.0,0.0,0,8119.0,17,-1,-1.0
right_4676,8141.0,289.602372753527,1.0010240212656072,0.0,0,8257.0,3,0,93.0
right_4689,8141.0,436.92957008461116,16.003106570773525,0.0,0,8265.0,5,2,84.0
right_4733,8196.0,498.74457439146937,91.01361832696614,54.0,1,8288.0,12,12,5.0
right_4790,8306.0,445.6525274738669,-1.0,0.0,0,8338.0,9,-1,-1.0
right_4800,8361.0,1.0010045812601902,1.0010045812601902,81.0,1,8449.0,0,0,88.0
right_4823,8361.0,415.13680157391366,46.00733049750966,81.0,1,8468.0,6,6,64.0
right_4852,8416.0,394.32736423555764,98.5144529304314,26.0,1,8482.0,13,13,21.0
right_4861,8471.0,134.8597764443818,-1.0,0.0,0,8491.0,10,-1,-1.0
right_4904,8526.0,123.39249119612913,-1.0,0.0,0,8533.0,1,-1,-1.0
right_4910,8526.0,293.85196767771214,1.001046589385567,0.0,0,8641.0,3,0,91.0
right_4914,8526.0,392.7818269111216,8.502092590054302,0.0,0,8646.0,4,1,87.0
right_4927,8526.0,495.97127508660776,31.00528106318973,0.0,0,8655.0,7,4,75.0
right_4935,8581.0,94.18876313199087,53.50836404419396,53.0,1,8662.0,7,7,59.0
right_4955,8636.0,98.51472322248163,98.51472322248163,4.0,1,8675.0,13,13,2.0
right_4956,8636.0,106.01578128310508,106.01578128310508,4.0,1,8677.0,14,14,4.0
right_4989,8691.0,61.003865602127625,-1.0,0.0,0,8696.0,2,-1,-1.0
right_5005,8691.0,385.26839410271486,-1.0,0.0,0,8715.0,8,-1,-1.0
right_5015,8691.0,494.24587877327576,1.001069790113604,0.0,0,8833.0,11,0,94.0
right_5034,8746.0,82.8453466895967,31.00526763484106,80.0,1,8847.0,4,4,12.0
right_5046,8746.0,453.4991416404955,61.009401969576565,80.0,1,8856.0,8,8,59.0
right_5058,8801.0,129.8808664690224,98.51454788568918,25.0,1,8866.0,13,13,35.0
right_5076,8801.0,454.3237854662351,128.5186203515519,25.0,1,8874.0,17,17,17.0
right_5084,8801.0,498.78774955964417,143.52075773069618,25.0,1,8878.0,19,16,8.0
right_5146,8911.0,270.7819871119223,1.0010940326321247,0.0,0,9025.0,3,0,92.0
right_5149,8911.0,364.32770531208894,8.502099303578234,0.0,0,9030.0,4,1,86.0
right_5174,8966.0,46.00731165368785,46.00731165368785,52.0,1,9044.0,6,6,65.0
right_5193,8966.0,441.96106821633873,83.5124147769418,52.0,1,9055.0,11,11,39.0
right_5237,9076.0,397.22754175653677,-1.0,0.0,0,9099.0,9,-1,-1.0
right_5250,9131.0,1.0010630793941004,1.0010630793941004,79.0,1,9217.0,0,0,86.0
right_5257,9131.0,19.405564320489873,16.00310908940571,79.0,1,9226.0,2,2,81.0
right_5271,9131.0,491.72457128493113,53.508341683470114,79.0,1,9238.0,7,7,52.0
right_5332,9241.0,141.32729561258634,-1.0,0.0,0,9263.0,10,-1,-1.0
right_5385,9296.0,260.23747402317815,1.0010223710805803,0.0,0,9409.0,2,0,90.0
right_5436,9351.0,476.4064550656825,91.01353789450907,51.0,1,9441.0,12,12,33.0
right_5515,9461.0,493.86462043957937,1.0011950966766108,0.0,0,9601.0,11,0,1.0
right_5578,9571.0,465.9083743413911,143.5209181618619,23.0,1,9645.0,19,18,18.0
right_5633,9681.0,245.9034176723539,1.0010922210816489,0.0,0,9793.0,2,0,88.0
right_5669,9736.0,498.1506635303609,98.51479030914804,50.0,1,9827.0,13,13,28.0
right_5741,9846.0,298.5262571524828,-1.0,0.0,0,9864.0,7,-1,-1.0
right_5767,9846.0,494.2754647234455,-1.0,0.0,0,9882.0,11,-1,-1.0
right_5771,9901.0,1.001077862240891,1.001077862240891,77.0,1,9985.0,0,0,84.0
right_5774,9901.0,8.502363511231067,8.502131065595165,77.0,1,9990.0,1,1,83.0
right_5775,9901.0,38.546484097998466,16.003172414040307,77.0,1,9993.0,2,2,79.0
right_5796,9956.0,76.01503783126162,76.0115763634293,22.0,1,10012.0,10,10,35.0
right_5804,9956.0,243.83577698515725,91.01361569463222,22.0,1,10016.0,12,12,27.0
right_5805,9956.0,299.87080823529567,98.51471811786699,22.0,1,10018.0,13,13,22.0
right_5888,10066.0,133.49989199293765,-1.0,0.0,0,10073.0,2,-1,-1.0
right_5890,10066.0,254.26073040505867,1.00105517234158,0.0,0,10177.0,3,0,87.0
right_5892,10066.0,336.71497650304815,8.502063204749845,0.0,0,10182.0,4,1,84.0
right_5909,10121.0,69.3425771083655,53.508423760414864,49.0,1,10198.0,7,7,4.0
right_5917,10121.0,350.829122234229,68.51039070922292,49.0,1,10203.0,9,9,40.0
right_5997,10231.0,276.18999725002794,-1.0,0.0,0,10247.0,5,-1,-1.0
right_6010,10231.0,489.27967198053375,1.0010256950915275,0.0,0,10369.0,9,0,93.0
right_6018,10286.0,108.97832224592554,31.00532428145709,76.0,1,10383.0,4,4,76.0
right_6027,10286.0,372.96724405232817,46.007449749882205,76.0,1,10388.0,6,6,64.0
right_6049,10341.0,95.28295847350307,91.01380869621859,21.0,1,10401.0,12,12,34.0
right_6075,10396.0,173.26762162208405,-1.0,0.0,0,10422.0,13,-1,-1.0
right_6129,10451.0,198.5997886104509,1.0010063850327808,0.0,0,10561.0,2,0,90.0
right_6175,10561.0,288.64670732328665,143.52107105170597,0.0,0,10607.0,19,14,3.0
right_6207,10616.0,37.616113052611134,-1.0,0.0,0,10620.0,2,-1,-1.0
right_6240,10616.0,492.53688912410286,1.0011711840305109,0.0,0,10753.0,10,0,1.0
right_6297,10726.0,462.3960100752988,113.51636529285351,20.0,1,10791.0,15,14,10.0
right_6298,10726.0,490.8965540426137,121.01737496803986,20.0,1,10793.0,16,13,5.0
right_6354,10836.0,168.02905451115208,1.0010048266332774,0.0,0,10945.0,1,0,93.0
right_6366,10836.0,257.6564471325836,8.502036385427742,0.0,0,10950.0,2,1,87.0
right_6398,10891.0,90.32835856463696,61.00939080145304,47.0,1,10968.0,8,8,53.0
right_6399,10891.0,235.47965638789847,68.51041045049675,47.0,1,10970.0,9,9,47.0
right_6400,10891.0,359.6838137812913,76.01145948419986,47.0,1,10972.0,10,10,39.0
right_6470,11001.0,158.62602416174474,-1.0,0.0,0,11010.0,4,-1,-1.0
right_6471,11001.0,223.3995602916841,-1.0,0.0,0,11014.0,5,-1,-1.0
right_6481,11056.0,1.0010233517556344,1.0010233517556344,74.0,1,11137.0,0,0,81.0
right_6486,11056.0,8.50238432585104,8.502170851961296,74.0,1,11142.0,1,1,1.0
right_6492,11056.0,141.46120462156813,23.50414262503807,74.0,1,11149.0,3,3,68.0
right_6588,11221.0,168.90942732784868,1.0010155890404349,0.0,0,11329.0,1,0,90.0
right_6618,11276.0,221.12309828065327,68.51026735454275,46.0,1,11355.0,9,9,47.0
right_6620,11276.0,317.5878203655593,76.01137815947966,46.0,1,11357.0,10,10,3.0
right_6638,11331.0,128.5185449802797,128.5185449802797,0.0,0,11370.0,16,16,15.0
right_6693,11386.0,327.9353520860895,-1.0,0.0,0,11404.0,5,-1,-1.0
right_6702,11386.0,496.33146683638915,1.0010084557164871,0.0,0,11521.0,9,0,88.0
right_6711,11441.0,23.554480580507,23.504150590917448,73.0,1,11532.0,3,3,77.0
right_6810,11606.0,109.96362275189881,1.0010010857964176,0.0,0,11713.0,0,0,90.0
right_6831,11606.0,490.9840108401142,46.00719363035579,0.0,0,11732.0,6,6,69.0
right_6919,11716.0,282.20419997998323,158.5227632780719,0.0,0,11762.0,20,16,6.0
right_6920,11716.0,352.12678398636126,-1.0,0.0,0,11764.0,21,-1,-1.0
right_6947,11771.0,60.22379609757093,-1.0,0.0,0,11779.0,3,-1,-1.0
right_6949,11771.0,99.8966800259995,-1.0,0.0,0,11781.0,4,-1,-1.0
right_6963,11771.0,486.52905642371627,1.001082106427873,0.0,0,11905.0,10,0,88.0
right_7035,11936.0,170.29889610659512,-1.0,0.0,0,11958.0,11,-1,-1.0
right_7045,11936.0,372.8966085578315,-1.0,0.0,0,11966.0,15,-1,-1.0
right_7049,11936.0,427.45171986278154,-1.0,0.0,0,11968.0,16,-1,-1.0
right_7060,11991.0,177.13465477062164,1.0010297055171122,0.0,0,12097.0,1,0,90.0
right_7061,11991.0,251.08834787961086,8.502100946239409,0.0,0,12102.0,2,1,85.0
right_7072,12046.0,121.08281340434651,68.5104517050591,44.0,1,12122.0,9,9,1.0
right_7075,12046.0,282.1928313225506,76.01128639285315,44.0,1,12124.0,10,10,41.0
right_7085,12101.0,113.51655462164842,113.51655462164842,0.0,0,12134.0,14,14,11.0
right_7086,12101.0,121.01759680761542,121.01759680761542,0.0,0,12136.0,15,15,12.0
right_7153,12156.0,466.1821467720903,1.001102056902198,0.0,0,12289.0,7,0,9.0
right_7158,12156.0,493.6242658471689,8.502134562965239,0.0,0,12294.0,8,1,6.0
right_7161,12211.0,33.75747038373612,23.50414001172697,71.0,1,12300.0,3,3,8.0
right_7195,12266.0,156.17438403341382,83.51241240457888,16.0,1,12319.0,11,11,2.0
right_7270,12376.0,189.74855961477613,1.0010262088302395,0.0,0,12481.0,1,0,88.0
right_7271,12376.0,275.81122413510445,8.502041068966037,0.0,0,12486.0,2,1,86.0
right_7274,12376.0,459.25639228243375,23.50408123286212,0.0,0,12492.0,4,3,71.0
right_7282,12431.0,38.50614601396229,38.50614601396229,43.0,1,12497.0,5,5,55.0
right_7285,12431.0,46.00735423186683,46.00722186196788,43.0,1,12500.0,6,6,54.0
right_7294,12431.0,334.29477573260664,68.51035091231853,43.0,1,12507.0,9,9,38.0
right_7296,12431.0,411.0907835897057,76.01138677211527,43.0,1,12509.0,10,10,29.0
right_7300,12431.0,455.0142341344617,83.5124626299197,43.0,1,12511.0,11,11,28.0
right_7341,12486.0,408.2249292290769,-1.0,0.0,0,12528.0,19,-1,-1.0
right_7385,12541.0,476.90718483729285,1.0010330165882235,0.0,0,12673.0,6,0,88.0
right_7389,12541.0,497.24765104772524,8.502138273709024,0.0,0,12678.0,7,1,28.0
right_7518,12706.0,454.2154554433189,-1.0,0.0,0,12736.0,15,-1,-1.0
right_7537,12761.0,119.81141504459072,1.0010852105326649,0.0,0,12865.0,1,0,90.0
right_7539,12761.0,210.38049635569732,8.502087337003047,0.0,0,12870.0,2,1,85.0
right_7548,12761.0,444.73024229519064,31.005238075829826,0.0,0,12879.0,5,4,72.0
right_7567,12816.0,361.5822674219496,83.51262181801012,42.0,1,12895.0,11,11,36.0
right_7588,12871.0,136.2467420371465,136.01980603773097,0.0,0,12908.0,16,14,4.0
right_7651,12926.0,461.8134812967852,1.0010424276271692,0.0,0,13057.0,6,0,91.0
right_7654,12926.0,488.28874582983553,8.502122786370421,0.0,0,13062.0,7,1,90.0
right_7669,12981.0,98.98409383587864,38.50640052078961,69.0,1,13073.0,5,5,55.0
right_7675,12981.0,408.79591881586236,61.00953433598772,69.0,1,13080.0,8,8,40.0
right_7691,13036.0,182.09690495748058,98.51473795366735,14.0,1,13091.0,13,13,12.0
right_7700,13036.0,270.7506660775281,106.01585788431669,14.0,1,13093.0,14,14,1.0
right_7725,13091.0,158.45549979107508,-1.0,0.0,0,13110.0,10,-1,-1.0
right_7727,13091.0,195.5213748411296,-1.0,0.0,0,13112.0,11,-1,-1.0
right_7731,13091.0,288.03962242603285,-1.0,0.0,0,13114.0,12,-1,-1.0
right_7741,13091.0,376.64414976654825,-1.0,0.0,0,13116.0,13,-1,-1.0
right_7751,13091.0,491.9457278628412,-1.0,0.0,0,13129.0,16,-1,-1.0
right_7764,13146.0,144.40877114962782,1.0011084424842238,0.0,0,13249.0,1,0,2.0
right_7766,13146.0,289.6395629865117,8.502032730789438,0.0,0,13254.0,2,1,79.0
right_7793,13201.0,107.08211027754038,53.508118935004966,41.0,1,13271.0,7,7,45.0
right_7829,13256.0,204.4631794817745,-1.0,0.0,0,13291.0,15,-1,-1.0
right_7849,13256.0,489.1335455112159,-1.0,0.0,0,13300.0,20,-1,-1.0
right_7880,13311.0,480.1229730786756,1.0010866329137684,0.0,0,13441.0,6,0,90.0
right_7984,13531.0,47.814619916173,1.0010238234539202,95.0,0,13633.0,0,0,92.0
right_8001,13586.0,53.508278349007924,53.508278349007924,40.0,1,13654.0,7,7,54.0
right_8070,13641.0,467.2844610615633,-1.0,0.0,0,13688.0,22,-1,-1.0
right_8100,13696.0,305.4028326743282,-1.0,0.0,0,13715.0,3,-1,-1.0
right_8114,13696.0,465.018178838864,1.001064421113938,0.0,0,13825.0,6,0,91.0
right_8115,13696.0,491.94711986761536,8.502214825159456,0.0,0,13830.0,7,1,1.0
right_8122,13751.0,37.32976657123624,31.00529256670995,67.0,1,13839.0,4,4,2.0
right_8179,13806.0,484.44226838648314,143.52071760918483,12.0,1,13871.0,19,13,2.0
right_8207,13861.0,431.3544908909127,-1.0,0.0,0,13891.0,14,-1,-1.0
right_8221,13916.0,9.993860583156616,1.0010676073188731,94.0,0,14017.0,0,0,94.0
right_8222,13916.0,49.33596570203065,8.502075444513139,94.0,0,14022.0,1,1,92.0
right_8272,13971.0,332.90971416030067,98.51460085283155,39.0,1,14051.0,13,13,40.0
right_8321,14026.0,478.0872799653735,-1.0,0.0,0,14076.0,23,-1,-1.0
right_8355,14081.0,459.2794554037972,1.001102213313061,0.0,0,14209.0,7,0,48.0
right_8374,14136.0,387.79528434853995,53.50846696992676,66.0,1,14230.0,7,7,8.0
right_8389,14191.0,91.01374237753242,91.01349120779469,11.0,1,14241.0,12,12,27.0
right_8395,14191.0,187.3344167152419,106.01567385955495,11.0,1,14245.0,14,14,3.0
right_8413,14246.0,115.77370494935656,-1.0,0.0,0,14258.0,6,-1,-1.0
right_8449,14301.0,14.159523943858064,1.0010692911533283,93.0,0,14401.0,0,0,92.0
right_8571,14466.0,398.94291805010283,1.0010953463873309,0.0,0,14593.0,5,0,94.0
right_8672,14686.0,1.024902296274945,1.0010279991971058,92.0,0,14785.0,0,0,93.0
right_8690,14741.0,53.50824656821021,53.50824656821021,37.0,1,14806.0,7,7,51.0
right_8733,14796.0,363.03354650384256,-1.0,0.0,0,14836.0,19,-1,-1.0
right_8758,14851.0,422.4450721394271,1.00104438010311,0.0,0,14977.0,5,0,94.0
right_8759,14851.0,469.039879262168,8.502181585478636,0.0,0,14982.0,6,1,3.0
right_8763,14851.0,493.5860032651448,16.003109180093247,0.0,0,14986.0,7,2,82.0
right_8781,14906.0,477.3277169167996,76.01154118406394,64.0,1,15005.0,10,10,2.0
right_8787,14961.0,91.01355253000014,91.01355253000014,9.0,1,15009.0,12,12,28.0
right_8819,15016.0,125.64283257194204,-1.0,0.0,0,15029.0,6,-1,-1.0
right_8859,15071.0,0.3685364941707121,0.3685364941707121,91.0,0,15071.0,0,0,-1.0
right_8859,15126.0,0.3685364941707121,0.3685364941707121,36.0,0,15126.0,0,0,-1.0
right_8860,15071.0,83.1172283905762,7.869609517299921,91.0,0,15174.0,1,1,88.0
right_8871,15071.0,389.21465188777074,30.3727460020757,91.0,0,15183.0,4,4,73.0
right_8886,15071.0,496.5725426060148,52.875798384762724,91.0,0,15190.0,7,7,59.0
right_8949,15181.0,478.8734034372196,-1.0,0.0,0,15226.0,21,-1,-1.0
right_8983,15236.0,451.5267275698771,1.0010516881573042,0.0,0,15361.0,6,0,88.0
right_8985,15236.0,499.5818599615247,8.502079643616469,0.0,0,15366.0,7,1,80.0
right_9089,15456.0,1.326885019544534,1.001183312848923,90.0,0,15553.0,0,0,1.0
right_9091,15456.0,40.27797258679709,8.502050000055307,90.0,0,15558.0,1,1,89.0
right_9112,15511.0,61.009294893508475,61.009294893508475,35.0,1,15576.0,8,8,2.0
right_9136,15511.0,487.9614945090376,121.01745954335422,35.0,1,15592.0,16,16,19.0
right_9173,15566.0,466.86747228531164,-1.0,0.0,0,15611.0,22,-1,-1.0
right_9176,15566.0,491.8872497207485,-1.0,0.0,0,15613.0,23,-1,-1.0
right_9198,15621.0,256.224939551577,-1.0,0.0,0,15635.0,2,-1,-1.0
right_9205,15621.0,387.44611390735946,1.001012263539792,0.0,0,15745.0,4,0,93.0
right_9208,15621.0,437.0023474180962,8.502042308079979,0.0,0,15750.0,5,1,89.0
right_9216,15676.0,31.00515318358714,31.00515318358714,62.0,1,15759.0,4,4,73.0
right_9223,15676.0,439.56956308986986,61.00927488866438,62.0,1,15768.0,8,8,46.0
right_9229,15676.0,477.63558846367516,68.51032595627919,62.0,1,15770.0,9,9,37.0
right_9255,15731.0,301.80861222642613,121.01765333076771,7.0,1,15785.0,16,15,2.0
right_9281,15786.0,142.78440458114642,-1.0,0.0,0,15801.0,7,-1,-1.0
right_9301,15841.0,1.0057721338640704,1.0010654950692697,89.0,1,15937.0,0,0,92.0
right_9303,15841.0,62.658430479457365,8.502159479997715,89.0,1,15942.0,1,1,87.0
right_9310,15841.0,352.52878388660037,31.005280045438443,89.0,1,15951.0,4,4,74.0
right_9316,15841.0,472.6311291435732,46.00736719049257,89.0,1,15956.0,6,6,62.0
right_9321,15896.0,61.00944671681697,61.00944671681697,34.0,1,15960.0,8,8,49.0
right_9367,15951.0,151.0220334407111,151.0220334407111,0.0,0,15984.0,16,16,6.0
right_9402,15951.0,499.7995438439772,-1.0,0.0,0,15999.0,24,-1,-1.0
right_9417,16006.0,385.8921750406735,1.00103023198335,0.0,0,16129.0,4,0,91.0
right_9421,16006.0,475.8432075928897,16.00310254816759,0.0,0,16137.0,6,2,86.0
right_9436,16061.0,235.97511260109013,61.00928462650177,61.0,1,16152.0,8,8,60.0
right_9459,16116.0,113.520462808903,113.51662554467201,6.0,1,16166.0,15,15,24.0
right_9525,16171.0,427.07934599467245,-1.0,0.0,0,16198.0,13,-1,-1.0
right_9532,16226.0,1.0899935114445611,1.0010772447864724,88.0,1,16321.0,0,0,89.0
right_9535,16226.0,71.03954370931034,8.502123999138519,88.0,1,16327.0,1,1,86.0
right_9553,16226.0,278.3760125945322,23.50414461779923,88.0,1,16333.0,3,3,75.0
right_9571,16281.0,61.00944996162974,61.00944996162974,33.0,1,16345.0,8,8,48.0
right_9572,16281.0,68.51050592917886,68.51050592917886,33.0,1,16347.0,9,9,49.0
right_9575,16281.0,77.01307787103207,76.01163658491977,33.0,1,16349.0,10,10,2.0
right_9590,16281.0,461.1196527532302,106.01572895880248,33.0,1,16357.0,14,14,5.0
right_9592,16281.0,485.55752511695033,113.51684604989815,33.0,1,16359.0,15,15,1.0
right_9617,16336.0,242.3288930181413,-1.0,0.0,0,16370.0,16,-1,-1.0
right_9653,16391.0,348.81920509106124,1.0011376996380363,0.0,0,16513.0,3,0,1.0
right_9658,16391.0,406.23580558188263,8.502077596196216,0.0,0,16518.0,4,1,91.0
right_9666,16391.0,482.6931839662604,23.50425258406796,0.0,0,16524.0,6,3,86.0
right_9712,16501.0,154.75333156575059,121.01784005184862,5.0,1,16553.0,16,16,20.0
right_9783,16611.0,1.0242850960412966,1.0010054024517672,87.0,1,16705.0,0,0,90.0
right_9785,16611.0,74.74919987376364,8.502066876636434,87.0,1,16710.0,1,1,83.0
right_9802,16611.0,425.75906442934644,31.00522285329453,87.0,1,16719.0,4,4,67.0
right_9849,16721.0,146.40898710380253,-1.0,0.0,0,16750.0,14,-1,-1.0
right_9850,16721.0,202.4429404970257,-1.0,0.0,0,16752.0,15,-1,-1.0
right_9882,16776.0,169.3257955729849,-1.0,0.0,0,16786.0,1,-1,-1.0
right_9884,16776.0,267.0806389507311,-1.0,0.0,0,16793.0,2,-1,-1.0
right_9887,16776.0,393.79350341707465,1.001078928229333,0.0,0,16897.0,4,0,91.0
right_9893,16776.0,442.8848410289735,8.502214821903749,0.0,0,16902.0,5,1,1.0
right_9941,16886.0,253.93797544864933,121.0178410478306,4.0,1,16937.0,16,15,13.0
right_9963,16941.0,73.95618680035555,-1.0,0.0,0,16948.0,3,-1,-1.0
right_9989,16996.0,1.0010102346875556,1.0010102346875556,86.0,1,17089.0,0,0,92.0
right_9994,16996.0,8.504641236514772,8.502039303914843,86.0,1,17094.0,1,1,90.0
right_10035,17051.0,326.5751261289231,98.51462722789057,31.0,1,17122.0,13,13,31.0
right_10105,17161.0,324.09934983626,1.0011565049879323,0.0,0,17281.0,3,0,1.0
right_10123,17216.0,31.005277954215842,31.005277954215842,58.0,1,17295.0,4,4,69.0
right_10146,17271.0,239.69132829057048,121.01762511817505,3.0,1,17321.0,16,15,12.0
right_10157,17271.0,386.62260926431037,136.01974273561856,3.0,1,17325.0,18,12,1.0
right_10159,17271.0,434.9230935357512,-1.0,3.0,1,17327.0,19,-1,-1.0
right_10182,17326.0,331.3237989088521,-1.0,0.0,0,17348.0,9,-1,-1.0
right_10203,17381.0,1.0013907299373839,1.0010422860441397,85.0,1,17473.0,0,0,89.0
right_10305,17491.0,496.6933253315533,-1.0,0.0,0,17533.0,21,-1,-1.0
right_10320,17546.0,343.33814056860285,1.001101347149131,0.0,0,17665.0,3,0,65.0
right_10322,17546.0,450.3220112659037,8.502134380919074,0.0,0,17670.0,4,1,54.0
right_10335,17601.0,48.49948009827034,46.007301021472934,57.0,1,17684.0,6,6,33.0
right_10412,17711.0,85.38600087948663,-1.0,0.0,0,17719.0,4,-1,-1.0
right_10413,17711.0,103.04347544402464,-1.0,0.0,0,17721.0,5,-1,-1.0
right_10440,17766.0,1.001039210904196,1.001039210904196,84.0,1,17857.0,0,0,91.0
right_10454,17766.0,314.19603451984,31.00528902198801,84.0,1,17871.0,4,4,71.0
right_10470,17821.0,82.60824327171048,68.51066750377163,29.0,1,17883.0,9,9,5.0
right_10473,17821.0,195.111556046456,76.01155311332984,29.0,1,17885.0,10,10,32.0
right_10546,17931.0,324.2869072247296,1.0010700802513952,0.0,0,18049.0,3,0,93.0
right_10566,17986.0,107.7814621455036,53.5085780827946,56.0,1,18069.0,7,7,2.0
right_10579,17986.0,416.5624558616429,76.01156101625702,56.0,1,18076.0,10,10,45.0
right_10582,18041.0,91.01366010847029,91.01366010847029,1.0,1,18080.0,12,12,20.0
right_10611,18096.0,48.836969776849116,-1.0,0.0,0,18101.0,2,-1,-1.0
right_10636,18096.0,417.71349112719264,-1.0,0.0,0,18123.0,9,-1,-1.0
right_10646,18151.0,1.0010293066848703,1.0010293066848703,83.0,1,18241.0,0,0,90.0
right_10655,18151.0,8.513061648088524,8.502035243842897,83.0,1,18246.0,1,1,87.0
right_10659,18151.0,57.03031224479622,16.003049895158313,83.0,1,18249.0,2,2,82.0
right_10694,18206.0,68.5102778449214,68.5102778449214,28.0,1,18266.0,9,9,44.0
right_10697,18206.0,76.05696310077234,76.01129549700319,28.0,1,18269.0,10,10,40.0
right_10791,18316.0,314.28866549795487,1.0010545384867555,0.0,0,18433.0,3,0,93.0
right_10847,18426.0,349.5869746320881,136.01982415016215,0.0,1,18476.0,18,14,5.0
right_10869,18481.0,83.63423986895486,-1.0,0.0,0,18489.0,4,-1,-1.0
right_10903,18536.0,1.0011051052341031,1.0011051052341031,82.0,1,18625.0,0,0,17.0
right_10906,18536.0,8.505397192128612,8.502107359200693,82.0,1,18630.0,1,1,17.0
right_10914,18536.0,121.35433926718326,23.50433000976545,82.0,1,18636.0,3,3,1.0
right_10928,18591.0,61.00921700336511,61.00921700336511,27.0,1,18648.0,8,8,42.0
right_10933,18591.0,76.01849616538595,76.01122777290624,27.0,1,18653.0,10,10,41.0
right_10934,18591.0,138.77158554717894,83.51223493582609,27.0,1,18655.0,11,11,34.0
right_10939,18591.0,346.3010888044722,98.51433801856092,27.0,1,18659.0,13,13,22.0
right_10966,18646.0,151.01213734515488,-1.0,0.0,0,18672.0,12,-1,-1.0
right_10975,18646.0,304.30392776788324,-1.0,0.0,0,18678.0,15,-1,-1.0
right_11007,18701.0,314.1980108411982,1.0010108984143358,0.0,0,18817.0,3,0,91.0
right_11031,18756.0,38.50629685078268,38.50629685078268,54.0,1,18833.0,5,5,66.0
right_11051,18756.0,483.7425336699001,91.0134546653147,54.0,1,18848.0,12,12,34.0
right_11078,18811.0,496.38771544396883,-1.0,5.0,1,18869.0,23,-1,-1.0
right_11105,18866.0,478.7680788752623,-1.0,0.0,0,18901.0,11,-1,-1.0
right_11110,18921.0,1.001066285003276,1.001066285003276,81.0,1,19009.0,0,0,88.0
right_11114,18921.0,8.502170835469371,8.502170835469371,81.0,1,19014.0,1,1,11.0
right_11124,18921.0,216.42980822991922,31.00518103506249,81.0,1,19023.0,4,4,74.0
right_11205,19086.0,118.93785213378487,-1.0,0.0,0,19093.0,1,-1,-1.0
right_11214,19086.0,287.5290802752412,1.001092476517954,0.0,0,19201.0,3,0,92.0
right_11218,19086.0,375.3389590084552,8.502140362071543,0.0,0,19206.0,4,1,85.0
right_11238,19141.0,79.08538722148717,53.50854401808573,53.0,1,19222.0,7,7,59.0
right_11254,19141.0,465.84310149755333,83.51272760377486,53.0,1,19231.0,11,11,38.0
right_11299,19196.0,318.22462780661874,143.52106920493003,4.0,1,19246.0,19,15,6.0
right_11305,19196.0,386.1816753190545,151.02208346480168,4.0,1,19248.0,20,13,1.0
right_11347,19251.0,281.2304809631779,-1.0,0.0,0,19267.0,7,-1,-1.0
right_11366,19306.0,1.001006750272836,1.001006750272836,80.0,1,19393.0,0,0,86.0
right_11379,19361.0,53.508110969971426,53.508110969971426,25.0,1,19414.0,7,7,39.0
right_11383,19361.0,68.51659245732243,68.51022928772466,25.0,1,19419.0,9,9,39.0
right_11401,19416.0,150.80446515505383,-1.0,0.0,0,19440.0,12,-1,-1.0
right_11402,19416.0,203.99940700950089,-1.0,0.0,0,19442.0,13,-1,-1.0
right_11432,19416.0,486.59380639893936,-1.0,0.0,0,19452.0,18,-1,-1.0
right_11449,19471.0,307.5918321546167,1.001035833172068,0.0,0,19585.0,3,0,89.0
right_11558,19636.0,499.8980974602282,1.0010084568112916,0.0,0,19777.0,11,0,93.0
right_11561,19691.0,8.502008940682456,8.502008940682456,79.0,1,19782.0,1,1,86.0
right_11581,19691.0,391.6775619773194,46.007316235498244,79.0,1,19796.0,6,6,64.0
right_11637,19801.0,150.47210380574282,-1.0,0.0,0,19825.0,11,-1,-1.0
right_11672,19801.0,432.1283385544146,-1.0,0.0,0,19838.0,18,-1,-1.0
right_11690,19856.0,262.8830450889655,1.0011023640440158,0.0,0,19969.0,2,0,8.0
right_11695,19856.0,364.62215248793365,8.502211583001554,0.0,0,19974.0,3,1,1.0
right_11798,20076.0,1.0010546326421377,1.0010546326421377,78.0,1,20161.0,0,0,85.0
right_11809,20076.0,16.025743571883883,16.003222361196208,78.0,1,20169.0,2,2,7.0
right_11865,20131.0,420.40784923788163,106.0155933846653,23.0,1,20196.0,14,14,18.0
right_11873,20131.0,499.6606327575631,128.51876399425214,23.0,1,20203.0,17,14,7.0
right_11892,20186.0,490.61951498482375,-1.0,0.0,0,20224.0,18,-1,-1.0
right_11914,20241.0,258.9568797875196,1.0010135922415202,0.0,0,20353.0,2,0,90.0
right_11986,20351.0,293.65268352013067,151.0220974023689,1.0,1,20401.0,20,17,9.0
right_12014,20406.0,108.08968991713556,-1.0,0.0,0,20416.0,5,-1,-1.0
right_12016,20406.0,173.4797010495326,-1.0,0.0,0,20418.0,6,-1,-1.0
right_12030,20406.0,496.69830117337403,1.0010504956284194,0.0,0,20545.0,12,0,92.0
right_12052,20461.0,236.2471637605689,38.506165246376675,77.0,1,20562.0,5,5,71.0
right_12061,20461.0,465.910605141148,61.00931143650553,77.0,1,20569.0,8,8,54.0
right_12075,20516.0,83.51257102269687,83.51257102269687,22.0,1,20576.0,11,11,40.0
right_12081,20516.0,236.6704437159001,106.01573274321515,22.0,1,20582.0,14,14,29.0
right_12144,20571.0,439.43271557001486,-1.0,0.0,0,20608.0,19,-1,-1.0
right_12169,20626.0,187.16764264342467,1.0010031960634933,0.0,0,20737.0,2,0,92.0
right_12170,20626.0,282.74984586182967,8.5020366372014,0.0,0,20742.0,3,1,88.0
right_12180,20681.0,38.50619576626082,38.50619576626082,49.0,1,20754.0,5,5,61.0
right_12203,20681.0,402.6306506559252,83.51250289199999,49.0,1,20767.0,11,11,19.0
right_12220,20736.0,128.51937955021288,128.51877483717408,0.0,1,20779.0,17,16,1.0
right_12248,20791.0,72.1468644266953,-1.0,0.0,0,20798.0,3,-1,-1.0
right_12250,20791.0,92.28404789870024,-1.0,0.0,0,20800.0,4,-1,-1.0
right_12255,20791.0,121.35255429010651,-1.0,0.0,0,20802.0,5,-1,-1.0
right_12261,20791.0,183.76317852521302,-1.0,0.0,0,20804.0,6,-1,-1.0
right_12273,20791.0,492.9198268234189,1.0011478419058903,0.0,0,20929.0,11,0,1.0
right_12291,20846.0,278.97986200973395,46.00735169467834,76.0,1,20948.0,6,6,70.0
right_12363,20956.0,165.71501811757932,-1.0,0.0,0,20981.0,12,-1,-1.0
right_12366,20956.0,173.42626701476257,-1.0,0.0,0,20983.0,13,-1,-1.0
right_12406,21011.0,225.51048876764247,1.001024519602936,0.0,0,21121.0,2,0,92.0
right_12429,21011.0,492.92469382773356,38.50618850661317,0.0,0,21138.0,7,5,68.0
right_12464,21121.0,143.82537451201142,136.01970435256635,0.0,0,21165.0,18,15,8.0
right_12491,21176.0,79.38984153415038,-1.0,0.0,0,21184.0,4,-1,-1.0
right_12512,21176.0,496.1153413717635,1.0010964820060622,0.0,0,21313.0,11,0,91.0
right_12553,21286.0,229.0651917335577,98.51465053536332,20.0,1,21347.0,13,13,17.0
right_12582,21341.0,234.77575211149932,-1.0,0.0,0,21368.0,13,-1,-1.0
right_12615,21396.0,155.8644997062441,1.0010104574766387,0.0,0,21505.0,2,0,93.0
right_12635,21396.0,456.3876096196472,31.005160550017422,0.0,0,21518.0,6,4,77.0
right_12649,21451.0,333.6370231189765,83.51232283173397,47.0,1,21534.0,11,11,41.0
right_12689,21506.0,438.3060776338913,-1.0,0.0,0,21557.0,22,-1,-1.0
right_12691,21506.0,468.8514191686011,-1.0,0.0,0,21559.0,23,-1,-1.0
right_12724,21561.0,478.37087423115463,1.0010718702353074,0.0,0,21697.0,9,0,93.0
right_12802,21726.0,222.95000792825383,-1.0,0.0,0,21756.0,15,-1,-1.0
right_12842,21781.0,180.48485363095813,1.001004852192807,0.0,0,21889.0,1,0,91.0
right_12846,21781.0,307.82669856649443,8.502110152373232,0.0,0,21894.0,2,1,5.0
right_12850,21781.0,438.3387040434405,23.50410485002658,0.0,0,21900.0,4,3,73.0
right_12895,21891.0,206.2905878622084,143.52072060933918,0.0,0,21934.0,18,15,6.0
right_12914,21946.0,52.21339314729534,-1.0,0.0,0,21951.0,2,-1,-1.0
right_12927,21946.0,430.96506806947286,-1.0,0.0,0,21973.0,7,-1,-1.0
right_12928,21946.0,471.56923203812914,1.0010509939288001,0.0,0,22081.0,8,0,93.0
right_12930,21946.0,493.66207865700125,8.502124348986342,0.0,0,22086.0,9,1,90.0
right_12936,22001.0,23.504319759763174,23.504319759763174,73.0,1,22093.0,3,3,82.0
right_12983,22056.0,98.72963170649729,98.51486334998951,18.0,1,22116.0,13,13,8.0
right_13016,22056.0,482.5122382722795,143.5210047947578,18.0,1,22127.0,19,17,1.0
right_13054,22166.0,113.88449089108542,1.001039466454415,0.0,0,22273.0,1,0,93.0
right_13065,22166.0,253.9248867133673,8.502076572538101,0.0,0,22278.0,2,1,83.0
right_13068,22166.0,412.38258537752546,23.50426332043304,0.0,0,22284.0,4,3,1.0
right_13102,22276.0,121.01779050559105,121.01779050559105,0.0,0,22313.0,15,15,13.0
right_13121,22276.0,136.0210020726561,136.01987793962178,0.0,0,22317.0,17,16,12.0
right_13157,22331.0,46.50491463447429,-1.0,0.0,0,22336.0,2,-1,-1.0
right_13158,22331.0,64.92568758602505,-1.0,0.0,0,22338.0,3,-1,-1.0
right_13186,22331.0,491.3566742993891,1.0010007694364729,0.0,0,22465.0,10,0,91.0
right_13188,22386.0,8.502042733939732,8.502042733939732,72.0,1,22470.0,1,1,80.0
right_13200,22386.0,29.35882116824172,23.50418437103076,72.0,1,22476.0,3,3,75.0
right_13223,22441.0,68.51045696815237,68.51045696815237,17.0,1,22490.0,9,9,33.0
right_13230,22441.0,76.01150214024483,76.01150214024483,17.0,1,22492.0,10,10,34.0
right_13239,22441.0,217.1700438511556,98.51461009006806,17.0,1,22498.0,13,13,23.0
right_13248,22441.0,405.9871168099344,113.51671447334736,17.0,1,22502.0,15,14,13.0
right_13251,22441.0,456.60679544918236,121.01773944918853,17.0,1,22504.0,16,13,7.0
right_13252,22441.0,485.69819555925204,128.51880395114821,17.0,1,22506.0,17,13,4.0
right_13302,22551.0,135.27505588046415,1.0010832018110705,0.0,0,22657.0,1,0,92.0
right_13304,22551.0,227.1850505421233,8.502161926299491,0.0,0,22662.0,2,1,87.0
right_13305,22551.0,309.8803134283773,16.00318805065109,0.0,0,22665.0,3,2,86.0
right_13310,22551.0,499.4747837857343,46.00735437438533,0.0,0,22675.0,7,6,8.0
right_13331,22661.0,113.51655018123712,113.51655018123712,0.0,0,22694.0,14,14,11.0
right_13372,22716.0,73.52736207095211,-1.0,0.0,0,22721.0,2,-1,-1.0
right_13394,22716.0,482.9303817119713,1.0010913881102397,0.0,0,22849.0,8,0,90.0
right_13396,22716.0,498.19800016433,8.50212019334475,0.0,0,22854.0,9,1,88.0
right_13489,22881.0,455.0968259119429,-1.0,0.0,0,22914.0,14,-1,-1.0
right_13512,22936.0,144.57557718129817,1.0010695659910311,0.0,0,23041.0,1,0,92.0
right_13514,22936.0,194.7095197389509,8.502150413117478,0.0,0,23046.0,2,1,89.0
right_13539,22991.0,68.85175159961892,68.51056692271254,43.0,1,23067.0,9,9,1.0
right_13542,22991.0,196.2282625040039,76.01150020914241,43.0,1,23069.0,10,10,46.0
right_13548,22991.0,366.9679915068695,91.01364289273243,43.0,1,23073.0,12,12,38.0
right_13551,22991.0,483.43468384295693,106.0157749235367,43.0,1,23077.0,14,14,7.0
right_13587,23046.0,428.52364237895233,-1.0,0.0,0,23094.0,22,-1,-1.0
right_13615,23101.0,208.85278947260215,-1.0,0.0,0,23112.0,4,-1,-1.0
right_13629,23101.0,468.3502075777389,1.0010049178940792,0.0,0,23233.0,8,0,91.0
right_13632,23101.0,491.48073315732177,8.502042137128171,0.0,0,23238.0,9,1,87.0
right_13641,23156.0,23.50419417941634,23.50419417941634,70.0,1,23244.0,3,3,6.0
right_13691,23211.0,326.60376542635163,121.01760535505258,15.0,1,23272.0,16,16,1.0
right_13694,23211.0,391.2836046568458,128.5184429585987,15.0,1,23274.0,17,16,14.0
right_13707,23266.0,162.74220732668942,-1.0,0.0,0,23286.0,9,-1,-1.0
right_13764,23321.0,61.35631756537345,1.001021533541973,0.0,0,23425.0,0,0,93.0
right_13765,23321.0,99.25773556181372,8.502081763936927,0.0,0,23430.0,1,1,92.0
right_13797,23376.0,249.40454729019606,83.51249625910333,42.0,1,23454.0,11,11,43.0
right_13853,23486.0,21.541727487405748,-1.0,0.0,0,23488.0,1,-1,-1.0
right_13877,23486.0,476.90489765303215,1.0010326246094792,0.0,0,23617.0,8,0,88.0
right_13880,23486.0,498.2574234850705,8.502146451424096,0.0,0,23622.0,9,1,2.0
right_13925,23596.0,83.51262011014717,83.51262011014717,14.0,1,23648.0,11,11,32.0
right_13955,23651.0,159.2220584773743,-1.0,0.0,0,23671.0,10,-1,-1.0
right_13957,23651.0,191.21565415433534,-1.0,0.0,0,23673.0,11,-1,-1.0
right_13994,23706.0,96.2010374245084,1.0010892928083877,0.0,0,23809.0,1,0,92.0
right_13998,23706.0,241.49338475973832,8.502172765617331,0.0,0,23814.0,2,1,84.0
right_14067,23816.0,492.8933811220341,-1.0,0.0,0,23862.0,21,-1,-1.0
right_14092,23871.0,445.26893886216,1.001029528400636,0.0,0,24001.0,5,0,92.0
right_14094,23871.0,476.97408322719855,8.502179559245294,0.0,0,24006.0,6,1,1.0
right_14137,23981.0,98.5208937541627,98.51458401020113,13.0,1,24034.0,13,13,5.0
right_14141,23981.0,281.8312255392782,113.51650175141071,13.0,1,24038.0,15,15,19.0
right_14186,24036.0,352.5071751843206,-1.0,0.0,0,24061.0,13,-1,-1.0
right_14207,24091.0,35.9072537535186,1.0010150642353324,95.0,0,24193.0,0,0,90.0
right_14216,24091.0,257.75380635121843,16.003059155990854,95.0,0,24201.0,2,2,82.0
right_14261,24201.0,136.03503493755406,136.01961582344163,0.0,0,24236.0,16,14,1.0
right_14305,24256.0,448.80089291678735,1.0011320186757189,0.0,0,24385.0,5,0,2.0
right_14315,24256.0,496.2455719206482,16.00303919427631,0.0,0,24393.0,7,2,86.0
right_14332,24311.0,117.78538791314655,38.50628529919885,67.0,1,24401.0,5,5,5.0
right_14417,24476.0,23.13496810445179,1.0010034983783385,94.0,0,24577.0,0,0,92.0
right_14425,24476.0,287.47081507509563,23.504205886690674,94.0,0,24588.0,3,3,1.0
right_14443,24531.0,68.55849527003113,68.51026184894772,39.0,1,24602.0,9,9,51.0
right_14450,24531.0,279.1146517129614,83.51231398175003,39.0,1,24606.0,11,11,38.0
right_14482,24586.0,489.14675554744906,-1.0,0.0,0,24633.0,22,-1,-1.0
right_14509,24641.0,135.00935121836312,-1.0,0.0,0,24648.0,1,-1,-1.0
right_14519,24641.0,439.1803079118952,1.001001034477838,0.0,0,24769.0,5,0,90.0
right_14520,24641.0,474.6435674680397,8.50212984858166,0.0,0,24774.0,6,1,11.0
right_14523,24696.0,23.504037801927158,23.504037801927158,66.0,1,24780.0,3,3,75.0
right_14541,24696.0,328.56665058927604,61.009421706249334,66.0,1,24793.0,8,8,1.0
right_14557,24751.0,138.4999462060431,113.5165393284388,11.0,1,24807.0,15,15,23.0
right_14592,24806.0,301.34164351979257,-1.0,0.0,0,24830.0,12,-1,-1.0
right_14597,24806.0,414.3430464778096,-1.0,0.0,0,24834.0,14,-1,-1.0
right_14609,24861.0,55.08357322876418,1.0010054702883622,93.0,0,24961.0,0,0,88.0
right_14611,24861.0,156.85434159289804,8.502134114928822,93.0,0,24966.0,1,1,3.0
right_14618,24861.0,410.91679435977716,23.504130124099504,93.0,0,24972.0,3,3,71.0
right_14627,24861.0,496.7129958290607,38.506149823981154,93.0,0,24977.0,5,5,62.0
right_14719,25026.0,420.874126229994,1.0010602632915493,0.0,0,25153.0,5,0,94.0
right_14722,25026.0,499.5032601471059,16.00321756476825,0.0,0,25162.0,7,2,1.0
right_14783,25191.0,123.12319660394523,-1.0,0.0,0,25204.0,6,-1,-1.0
right_14828,25246.0,29.056754798483663,1.0010513126939031,92.0,0,25345.0,0,0,89.0
right_14833,25246.0,129.62918622916914,8.502149971888057,92.0,0,25350.0,1,1,84.0
right_14868,25301.0,354.2536336748861,83.5124373097795,37.0,1,25375.0,11,11,32.0
right_14901,25356.0,479.9617393031716,-1.0,0.0,0,25400.0,21,-1,-1.0
right_14927,25411.0,414.23430961677803,1.0011379085431713,0.0,0,25537.0,4,0,1.0
right_14928,25411.0,458.05856344774367,8.502041555613117,0.0,0,25542.0,5,1,89.0
right_14983,25521.0,106.01542175198256,106.01542175198256,9.0,1,25573.0,14,14,30.0
right_15059,25631.0,8.004820285746291,1.0011078369842608,91.0,0,25729.0,0,0,2.0
right_15060,25631.0,72.44320261801533,8.502061495042026,91.0,0,25734.0,1,1,86.0
right_15082,25631.0,487.14419257603583,46.00722427094435,91.0,0,25748.0,6,6,64.0
right_15113,25686.0,177.29620497189458,83.51245922617079,36.0,1,25758.0,11,11,41.0
right_15125,25686.0,496.62534954957664,121.01777810449528,36.0,1,25768.0,16,16,20.0
right_15195,25796.0,415.2733527437784,1.00107053661975,0.0,0,25921.0,5,0,91.0
right_15198,25796.0,464.129441413749,8.502118010337313,0.0,0,25926.0,6,1,88.0
right_15223,25851.0,358.27533812457693,61.00946432853402,63.0,1,25944.0,8,8,52.0
right_15264,25906.0,193.8082203581928,113.5168090313665,8.0,1,25959.0,15,15,3.0
right_15279,25906.0,482.87982700066635,-1.0,8.0,1,25969.0,20,-1,-1.0
right_15280,25906.0,498.20802665203814,-1.0,8.0,1,25971.0,21,-1,-1.0
right_15312,26016.0,1.0092723518803268,1.0010132544146018,90.0,0,26113.0,0,0,95.0
right_15329,26016.0,392.7102695576287,38.50629587108682,90.0,0,26130.0,5,5,2.0
right_15349,26071.0,76.01688708822995,76.01139175926147,35.0,1,26141.0,10,10,48.0
right_15382,26126.0,151.02213703094355,151.021915826167,0.0,0,26160.0,16,15,5.0
right_15393,26126.0,222.4873709719284,-1.0,0.0,0,26164.0,18,-1,-1.0
right_15444,26181.0,352.3622481369413,1.0010707088634376,0.0,0,26305.0,3,0,91.0
right_15446,26181.0,414.5921794522554,8.502094445128193,0.0,0,26310.0,4,1,89.0
right_15458,26236.0,57.772367843883494,53.5082349846,62.0,1,26327.0,7,7,69.0
right_15512,26291.0,277.1310333082451,136.01973383562012,7.0,1,26349.0,18,17,15.0
right_15532,26346.0,210.4221209899576,-1.0,0.0,0,26368.0,11,-1,-1.0
right_15569,26401.0,1.0010369876341088,1.0010369876341088,89.0,1,26497.0,0,0,96.0
right_15572,26401.0,8.504166375376826,8.502037989603139,89.0,1,26502.0,1,1,94.0
right_15633,26511.0,143.52074442382352,143.52074442382352,0.0,0,26542.0,14,14,5.0
right_15670,26566.0,30.841727469312787,-1.0,0.0,0,26568.0,0,-1,-1.0
right_15678,26566.0,379.9430365244182,1.0010929306035905,0.0,0,26689.0,4,0,96.0
right_15684,26566.0,469.79430267633865,16.003256242146563,0.0,0,26697.0,6,2,1.0
right_15706,26621.0,317.6306215168908,61.009273757520646,61.0,1,26712.0,8,8,54.0
right_15762,26676.0,490.53672026935965,-1.0,6.0,1,26740.0,22,-1,-1.0
right_15795,26731.0,441.90816213460715,-1.0,0.0,0,26760.0,13,-1,-1.0
right_15806,26786.0,1.2914095019214074,1.0010374147904029,88.0,1,26881.0,0,0,88.0
right_15836,26841.0,61.00932561578986,61.00932561578986,33.0,1,26904.0,8,8,48.0
right_15838,26841.0,68.54069823463595,68.51033906760642,33.0,1,26906.0,9,9,43.0
right_15861,26841.0,381.9560689897277,98.51466792790968,33.0,1,26914.0,13,13,29.0
right_15927,26951.0,419.9960418540053,1.001137650243436,0.0,0,27073.0,4,0,1.0
right_15937,27006.0,31.005279571949586,31.005279571949586,60.0,1,27087.0,4,4,4.0
right_15950,27006.0,387.90169093031443,61.00945520054097,60.0,1,27096.0,8,8,1.0
right_16051,27171.0,1.0013303178374713,1.0010192816955623,87.0,1,27265.0,0,0,92.0
right_16067,27171.0,383.01486609773707,31.00512743794036,87.0,1,27279.0,4,4,70.0
right_16075,27171.0,498.6648348002695,53.50836408191054,87.0,1,27286.0,7,7,56.0
right_16078,27226.0,61.00937876568037,61.00937876568037,32.0,1,27288.0,8,8,47.0
right_16080,27226.0,68.51234963602502,68.51050909616163,32.0,1,27290.0,9,9,6.0
right_16084,27226.0,179.94008635291826,83.51249953086148,32.0,1,27294.0,11,11,38.0
right_16086,27226.0,242.4470911732874,91.01354572489299,32.0,1,27296.0,12,12,36.0
right_16090,27226.0,461.3758657968603,113.51663740169285,32.0,1,27302.0,15,15,20.0
right_16117,27281.0,305.6960723441454,-1.0,0.0,0,27318.0,18,-1,-1.0
right_16137,27336.0,230.77839194362286,-1.0,0.0,0,27349.0,2,-1,-1.0
right_16138,27336.0,294.9750481536223,1.0010362063648586,0.0,0,27457.0,3,0,93.0
right_16146,27336.0,425.52512752050535,16.003095506520992,0.0,0,27466.0,5,2,92.0
right_16183,27391.0,475.3597768255509,83.51257581546706,59.0,1,27487.0,11,11,2.0
right_16194,27446.0,106.01555892353542,106.01555892353542,4.0,1,27493.0,14,14,25.0
right_16225,27446.0,498.57966183582323,-1.0,4.0,1,27510.0,23,-1,-1.0
right_16266,27556.0,1.0010265455217109,1.0010265455217109,86.0,1,27649.0,0,0,93.0
right_16332,27666.0,136.01965031091714,136.01965031091714,0.0,0,27692.0,12,12,1.0
right_16355,27666.0,454.76701199682435,-1.0,0.0,0,27707.0,20,-1,-1.0
right_16383,27721.0,387.2841332050341,1.0010820293923075,0.0,0,27841.0,4,0,90.0
right_16389,27721.0,477.3007620195858,16.003149000749033,0.0,0,27849.0,6,2,81.0
right_16476,27886.0,494.1292787975632,-1.0,0.0,0,27928.0,11,-1,-1.0
right_16486,27941.0,1.0010705029966402,1.0010705029966402,85.0,1,28033.0,0,0,92.0
right_16487,27941.0,8.504005533475492,8.502076186157296,85.0,1,28038.0,1,1,90.0
right_16495,27941.0,332.3112832327373,31.00523552675537,85.0,1,28047.0,4,4,69.0
right_16555,28051.0,136.01285182358544,-1.0,0.0,0,28076.0,12,-1,-1.0
right_16594,28106.0,214.7684528089635,-1.0,0.0,0,28120.0,2,-1,-1.0
right_16599,28106.0,366.4757896261289,1.001034220577708,0.0,0,28225.0,4,0,89.0
right_16604,28106.0,483.3686894455925,16.003106161226412,0.0,0,28234.0,6,2,81.0
right_16621,28161.0,292.35331955142317,61.009383547634286,57.0,1,28249.0,8,8,50.0
right_16627,28161.0,364.35545713296165,68.51047969183276,57.0,1,28251.0,9,9,47.0
right_16629,28161.0,439.337962352857,76.01158177035461,57.0,1,28253.0,10,10,36.0
right_16638,28216.0,98.5146723066208,98.5146723066208,2.0,1,28259.0,13,13,16.0
right_16680,28271.0,163.44211593341024,-1.0,0.0,0,28286.0,7,-1,-1.0
right_16697,28326.0,1.0010564787619955,1.0010564787619955,84.0,1,28417.0,0,0,91.0
right_16699,28326.0,9.720848452655671,8.502078788057418,84.0,1,28422.0,1,1,87.0
right_16716,28326.0,476.01647541048,46.007329798756935,84.0,1,28436.0,6,6,14.0
right_16767,28436.0,305.497758046817,-1.0,0.0,0,28470.0,17,-1,-1.0
right_16811,28491.0,308.69838539250185,1.0011694934930802,0.0,0,28609.0,3,0,1.0
right_16815,28491.0,383.03275020029406,8.50220438720919,0.0,0,28614.0,4,1,2.0
right_16857,28601.0,121.0418575420788,121.01771818648164,1.0,1,28648.0,16,16,20.0
right_16888,28656.0,112.15405909883249,-1.0,0.0,0,28667.0,5,-1,-1.0
right_16891,28656.0,209.52431128089944,-1.0,0.0,0,28671.0,7,-1,-1.0
right_16897,28656.0,414.92755333920934,-1.0,0.0,0,28681.0,10,-1,-1.0
right_16902,28711.0,1.0010795290410783,1.0010795290410783,83.0,1,28801.0,0,0,90.0
right_16906,28711.0,16.00685178459787,16.003299734094924,83.0,1,28810.0,2,2,1.0
right_16958,28766.0,292.7617842300794,98.51460538068561,28.0,1,28835.0,13,13,32.0
right_16968,28821.0,151.01862296611026,-1.0,0.0,0,28849.0,13,-1,-1.0
right_17011,28876.0,359.31912051122634,1.001122144680835,0.0,0,28993.0,4,0,1.0
right_17027,28931.0,79.43454669087379,46.007260864303866,55.0,1,29012.0,6,6,56.0
right_17065,28986.0,473.8385799041018,-1.0,0.0,1,29040.0,20,-1,-1.0
right_17108,29096.0,1.0010896973620331,1.0010896973620331,82.0,1,29185.0,0,0,89.0
right_17113,29096.0,17.471944531895414,16.00313625331512,82.0,1,29193.0,2,2,83.0
right_17121,29096.0,271.7161513212941,31.00519752632812,82.0,1,29199.0,4,4,69.0
right_17139,29151.0,180.20661731203202,91.01351293636328,27.0,1,29216.0,12,12,2.0
right_17227,29261.0,310.98164937281973,1.0010835515457188,0.0,0,29377.0,3,0,90.0
right_17229,29261.0,369.757672803104,8.502170225532439,0.0,0,29382.0,4,1,90.0
right_17263,29316.0,394.01954880878327,76.01142795401375,54.0,1,29404.0,10,10,44.0
right_17345,29481.0,1.0010258760092938,1.0010258760092938,81.0,1,29569.0,0,0,88.0
right_17369,29481.0,440.608155850973,53.508251512918264,81.0,1,29590.0,7,7,1.0
right_17434,29646.0,37.21840387042596,-1.0,0.0,0,29648.0,0,-1,-1.0
right_17442,29646.0,242.1244331401561,1.0010328220521387,0.0,0,29761.0,2,0,92.0
right_17456,29646.0,439.2074508600769,23.504216821489536,0.0,0,29772.0,5,3,5.0
right_17503,29756.0,128.71544161458917,128.5187492074378,4.0,1,29802.0,17,17,2.0
right_17533,29811.0,109.00993862965015,-1.0,0.0,0,29821.0,5,-1,-1.0
right_17538,29811.0,129.9316002919702,-1.0,0.0,0,29823.0,6,-1,-1.0
right_17557,29811.0,499.78117001113685,1.00100140418931,0.0,0,29953.0,13,0,97.0
right_17568,29866.0,181.52675747398118,31.005121154606172,80.0,1,29967.0,4,4,76.0
right_17583,29921.0,76.01131228526509,76.01131228526509,25.0,1,29981.0,10,10,42.0
right_17592,29921.0,337.0825591528788,98.51446976716544,25.0,1,29987.0,13,13,22.0
right_17620,29976.0,158.4570204208987,-1.0,0.0,0,30002.0,13,-1,-1.0
right_17655,30031.0,263.36039937427256,1.0011537312441874,0.0,0,30145.0,3,0,1.0
right_17660,30031.0,424.92644574427976,16.00309359352582,0.0,0,30153.0,5,2,82.0
right_17685,30086.0,53.55710531316993,53.50822518257695,52.0,1,30166.0,7,7,62.0
right_17738,30141.0,452.8287438678555,-1.0,3.0,1,30194.0,21,-1,-1.0
right_17770,30251.0,1.001076579592791,1.001076579592791,79.0,1,30337.0,0,0,86.0
right_17773,30251.0,8.502117029460862,8.502117029460862,79.0,1,30342.0,1,1,87.0
right_17779,30251.0,59.92212459164324,23.50418268987471,79.0,1,30348.0,3,3,77.0
right_17784,30251.0,237.0065744230722,38.506284519802364,79.0,1,30353.0,5,5,71.0
right_17801,30251.0,498.3259193902835,68.51032350701576,79.0,1,30362.0,9,9,47.0
right_17828,30306.0,438.7959322432988,113.51655398881952,24.0,1,30375.0,15,14,14.0
right_17897,30416.0,278.9851241282187,1.001141714036578,0.0,0,30529.0,3,0,1.0
right_17910,30471.0,38.51948282652803,38.50617169756032,51.0,1,30546.0,5,5,58.0
right_17961,30581.0,47.407406599734934,-1.0,0.0,0,30586.0,2,-1,-1.0
right_17962,30581.0,76.8506581066896,-1.0,0.0,0,30588.0,3,-1,-1.0
right_17981,30581.0,496.5355262050405,1.001040037307007,0.0,0,30721.0,10,0,94.0
right_17984,30636.0,8.502045696014534,8.502045696014534,78.0,1,30726.0,1,1,86.0
right_18036,30691.0,276.02749732322985,106.0155206101024,23.0,1,30756.0,14,14,27.0
right_18101,30801.0,234.66264922463785,1.001056195841386,0.0,0,30913.0,2,0,90.0
right_18104,30801.0,300.38892449084665,8.502164445028427,0.0,0,30918.0,3,1,11.0
right_18126,30856.0,53.50823013297526,53.50823013297526,50.0,1,30935.0,7,7,64.0
right_18157,30911.0,121.01752725458549,121.01752725458549,1.0,1,30953.0,16,16,18.0
right_18164,30911.0,156.49309099394412,143.52073553983945,1.0,1,30959.0,19,18,16.0
right_18199,30966.0,123.19913206103855,-1.0,0.0,0,30978.0,6,-1,-1.0
right_18222,30966.0,498.18671334246176,1.0010739314876105,0.0,0,31105.0,13,0,92.0
right_18227,31021.0,123.90423208754488,23.50419466669365,77.0,1,31116.0,3,3,73.0
right_18273,31076.0,311.61323795169585,106.01563575283865,22.0,1,31140.0,14,14,23.0
right_18302,31131.0,296.87959595136346,-1.0,0.0,0,31161.0,15,-1,-1.0
right_18334,31186.0,224.81360676034882,1.0010222929256545,0.0,0,31297.0,2,0,89.0
right_18339,31186.0,310.57069552494215,8.502134541923398,0.0,0,31302.0,3,1,1.0
right_18351,31186.0,475.0602354148403,31.005161663691577,0.0,0,31311.0,6,4,11.0
right_18366,31241.0,201.76954135261462,76.01142934501843,49.0,1,31325.0,10,10,51.0
right_18369,31241.0,301.31711365683014,83.51243307313513,49.0,1,31327.0,11,11,48.0
right_18371,31241.0,447.9734979922883,91.01358376496916,49.0,1,31329.0,12,12,4.0
right_18403,31296.0,469.14099973579874,-1.0,0.0,1,31348.0,22,-1,-1.0
right_18434,31351.0,493.56935113035144,1.0010971597383218,0.0,0,31489.0,10,0,94.0
right_18443,31406.0,16.00329489285656,16.00329489285656,76.0,1,31497.0,2,2,39.0
right_18505,31461.0,454.41663173483687,136.01982692692866,21.0,1,31532.0,18,17,14.0
right_18516,31516.0,164.88022878551146,-1.0,0.0,0,31540.0,11,-1,-1.0
right_18550,31571.0,90.23076415911072,-1.0,0.0,0,31576.0,0,-1,-1.0
right_18551,31571.0,227.57154243681575,1.0011156449930354,0.0,0,31681.0,1,0,1.0
right_18552,31571.0,316.93743649851524,8.502058324207043,0.0,0,31686.0,2,1,84.0
right_18650,31736.0,496.60016500521454,1.0010098169147454,0.0,0,31873.0,9,0,90.0
right_18714,31846.0,464.690769840032,121.01766237282835,20.0,1,31913.0,16,14,9.0
right_18725,31901.0,146.70232859819114,-1.0,0.0,0,31921.0,9,-1,-1.0
right_18746,31901.0,394.0785323863849,-1.0,0.0,0,31930.0,14,-1,-1.0
right_18766,31956.0,158.29566901270292,1.0010422496599176,0.0,0,32065.0,1,0,94.0
right_18778,31956.0,401.0442118321545,23.504213343484988,0.0,0,32076.0,4,3,80.0
right_18889,32121.0,498.8265625365078,1.00106618488428,0.0,0,32257.0,10,0,86.0
right_18892,32176.0,8.502215887758382,8.502215887758382,74.0,1,32262.0,1,1,1.0
right_18983,32286.0,383.37307682391264,-1.0,0.0,0,32313.0,13,-1,-1.0
right_19012,32341.0,140.36733962213606,1.0010019028317745,0.0,0,32449.0,1,0,94.0
right_19017,32341.0,236.9613996730185,8.502063668533253,0.0,0,32454.0,2,1,89.0
right_19019,32341.0,320.10717637715857,16.00308494526132,0.0,0,32457.0,3,2,85.0
right_19121,32506.0,482.94945334233336,1.0011299288756843,0.0,0,32641.0,8,0,1.0
right_19125,32506.0,498.21148264128715,8.502076901864484,0.0,0,32646.0,9,1,88.0
right_19138,32561.0,318.4946636707521,46.007259305500895,73.0,1,32660.0,6,6,3.0
right_19158,32616.0,91.01537454206192,91.0133567794174,18.0,1,32673.0,12,12,34.0
right_19211,32671.0,410.3310048909858,-1.0,0.0,0,32701.0,15,-1,-1.0
right_19221,32671.0,498.96643311137336,-1.0,0.0,0,32712.0,18,-1,-1.0
right_19235,32726.0,132.54452355938662,1.0010925758986673,0.0,0,32833.0,1,0,91.0
right_19271,32781.0,53.50844173604861,53.50844173604861,45.0,1,32854.0,7,7,59.0
right_19314,32836.0,128.51893503881166,128.51893503881166,0.0,0,32875.0,16,16,14.0
right_19315,32836.0,136.03278284793652,136.0200003096856,0.0,0,32877.0,17,16,10.0
right_19392,32891.0,463.08538116663686,1.0010932452276506,0.0,0,33025.0,8,0,93.0
right_19394,32891.0,486.9428484119164,8.502094787789531,0.0,0,33030.0,9,1,92.0
right_19425,33001.0,90.90598403652969,83.51251180158967,17.0,1,33054.0,11,11,26.0
right_19448,33001.0,491.21510329134765,136.0198105786962,17.0,1,33068.0,18,14,5.0
right_19512,33111.0,111.81079786936287,1.0010744227548116,0.0,0,33217.0,1,0,92.0
right_19527,33111.0,472.82654032446436,31.00529445184077,0.0,0,33231.0,5,4,72.0
right_19546,33166.0,222.3842916699697,68.51059570451797,44.0,1,33242.0,9,9,10.0
right_19624,33276.0,472.32197078838936,1.0010685236155723,0.0,0,33409.0,6,0,94.0
right_19633,33331.0,23.513655857115,23.504178875086442,71.0,1,33420.0,3,3,77.0
right_19742,33496.0,226.44423589263172,1.0011555906587546,0.0,0,33601.0,1,0,1.0
right_19759,33496.0,487.7128610176966,31.00522175672586,0.0,0,33615.0,5,4,64.0
right_19784,33606.0,106.01553439023644,106.01553439023644,0.0,0,33636.0,13,13,9.0
right_19791,33606.0,217.61372247866547,136.01974062979076,0.0,0,33644.0,17,12,1.0
right_19793,33606.0,324.49410741375755,-1.0,0.0,0,33646.0,18,-1,-1.0
right_19825,33661.0,458.8298981480833,1.0010938160124283,0.0,0,33793.0,5,0,93.0
right_19827,33661.0,487.1038331306538,8.502101171540403,0.0,0,33798.0,6,1,91.0
right_19841,33716.0,428.64124068627126,61.00938443833979,70.0,1,33816.0,8,8,54.0
right_19880,33771.0,477.6386789067648,143.5208828711128,15.0,1,33838.0,19,15,6.0
right_19893,33826.0,175.3775448591038,-1.0,0.0,0,33848.0,11,-1,-1.0
right_19897,33826.0,247.03961597557083,-1.0,0.0,0,33852.0,13,-1,-1.0
right_19921,33881.0,153.89669818383342,1.0010405276035501,0.0,0,33985.0,1,0,85.0
right_19932,33881.0,365.91229733414946,23.504144370929623,0.0,0,33997.0,4,3,80.0
right_19941,33881.0,473.9316982242832,38.50621777824432,0.0,0,34002.0,6,5,71.0
right_19946,33936.0,53.508275142004784,53.508275142004784,42.0,1,34007.0,7,7,56.0
right_19948,33936.0,61.009401488250944,61.009401488250944,42.0,1,34009.0,8,8,1.0
right_19953,33936.0,370.8469001447782,83.5124301119476,42.0,1,34015.0,11,11,35.0
right_20028,34046.0,33.795355371864055,-1.0,0.0,0,34049.0,1,-1,-1.0
right_20041,34046.0,302.3608912128024,-1.0,0.0,0,34063.0,4,-1,-1.0
right_20042,34046.0,373.1893910385669,-1.0,0.0,0,34068.0,5,-1,-1.0
right_20046,34046.0,463.4748599082232,1.001031553233645,0.0,0,34177.0,7,0,94.0
right_20054,34046.0,491.3867048845626,8.502075907426674,0.0,0,34182.0,8,1,89.0
right_20092,34156.0,277.47525860825556,113.5164845534951,14.0,1,34214.0,15,15,20.0
right_20133,34211.0,437.21087934589,-1.0,0.0,0,34240.0,14,-1,-1.0
right_20160,34266.0,65.2508089885697,1.0010040549398127,0.0,0,34369.0,0,0,91.0
right_20162,34266.0,159.23601899791814,8.502123827802166,0.0,0,34374.0,1,1,1.0
right_20273,34431.0,469.8902475370106,1.001060545114342,0.0,0,34561.0,6,0,89.0
right_20287,34486.0,224.23029330233013,46.007340783887294,68.0,1,34581.0,6,6,1.0
right_20389,34651.0,28.066545120538986,1.0011070823848058,95.0,0,34753.0,0,0,22.0
right_20395,34651.0,165.18992207315182,8.50220157170645,95.0,0,34758.0,1,1,14.0
right_20423,34706.0,202.86269941441697,83.51236359235088,40.0,1,34783.0,11,11,45.0
right_20427,34706.0,419.6078695014212,106.01551560215546,40.0,1,34789.0,14,14,11.0
right_20452,34761.0,434.82287048605116,-1.0,0.0,0,34810.0,23,-1,-1.0
right_20453,34761.0,471.1783410860344,-1.0,0.0,0,34812.0,24,-1,-1.0
right_20480,34816.0,435.22293107254194,1.0010046955252392,0.0,0,34945.0,7,0,93.0
right_20483,34816.0,472.4526609652676,8.50201385116776,0.0,0,34950.0,8,1,90.0
right_20504,34871.0,286.67696298649525,53.50819326025908,67.0,1,34967.0,7,7,60.0
right_20507,34871.0,487.5819390054792,68.5102343540965,67.0,1,34971.0,9,9,43.0
right_20511,34926.0,76.01131333930623,76.01131333930623,12.0,1,34973.0,10,10,29.0
right_20591,35036.0,115.90801292546087,1.0010356299446812,94.0,0,35137.0,0,0,87.0
right_20607,35091.0,53.50816826562743,53.50816826562743,39.0,1,35158.0,7,7,53.0
right_20652,35146.0,344.73242128510026,-1.0,0.0,0,35188.0,19,-1,-1.0
right_20684,35201.0,10.348323189858775,-1.0,0.0,0,35202.0,0,-1,-1.0
right_20707,35201.0,457.7568495694548,1.0010116290025053,0.0,0,35329.0,6,0,89.0
right_20742,35311.0,91.05174418018841,91.01348017052379,11.0,1,35361.0,12,12,23.0
right_20758,35366.0,103.58915889461956,-1.0,0.0,0,35376.0,5,-1,-1.0
right_20796,35421.0,73.24245837032781,1.001112016324214,93.0,0,35521.0,0,0,2.0
right_20803,35421.0,288.1962869897484,16.00308627134308,93.0,0,35529.0,2,2,77.0
right_20807,35421.0,351.2467746375129,23.504103333253397,93.0,0,35532.0,3,3,76.0
right_20882,35586.0,434.94885282032186,1.0010920226221174,0.0,0,35713.0,5,0,93.0
right_20886,35586.0,499.50236247908316,16.003195683010574,0.0,0,35721.0,7,2,81.0
right_20910,35641.0,188.55543740278188,46.00733961797101,65.0,1,35732.0,6,6,58.0
right_21027,35806.0,24.952271468262325,1.0010696134019668,92.0,0,35905.0,0,0,90.0
right_21052,35861.0,61.009397331690934,61.009397331690934,37.0,1,35929.0,8,8,47.0
right_21067,35861.0,272.22279036659745,83.51252408123077,37.0,1,35935.0,11,11,36.0
right_21097,35916.0,194.29476528805557,-1.0,0.0,0,35952.0,17,-1,-1.0
right_21142,35971.0,488.373449110426,1.0010421895426589,0.0,0,36097.0,5,0,83.0
right_21147,36026.0,16.003045196677533,16.003045196677533,64.0,1,36106.0,2,2,73.0
right_21157,36026.0,229.683652434498,38.50616369228658,64.0,1,36114.0,5,5,55.0
right_21166,36026.0,478.7306959484704,68.51036947245626,64.0,1,36123.0,9,9,35.0
right_21194,36081.0,444.3789282368496,136.01967387829296,9.0,1,36142.0,18,14,4.0
right_21255,36136.0,488.0785181475803,-1.0,0.0,0,36173.0,15,-1,-1.0
right_21268,36191.0,5.7002886068631256,1.00108048482781,91.0,0,36289.0,0,0,91.0
right_21276,36191.0,338.94107501460235,23.504193164148436,91.0,0,36300.0,3,3,75.0
right_21292,36246.0,247.58165708947917,68.51039768695057,36.0,1,36314.0,9,9,34.0
right_21293,36246.0,318.5657245150767,76.0115134820141,36.0,1,36316.0,10,10,6.0
right_21307,36301.0,128.51861776330617,128.51861776330617,0.0,0,36330.0,13,13,4.0
right_21345,36356.0,11.95795380035463,-1.0,0.0,0,36357.0,0,-1,-1.0
right_21355,36356.0,349.56591339567666,-1.0,0.0,0,36377.0,4,-1,-1.0
right_21360,36356.0,449.85692013762883,1.0010514381735902,0.0,0,36481.0,6,0,85.0
right_21439,36521.0,167.8410558910781,-1.0,0.0,0,36538.0,8,-1,-1.0
right_21440,36521.0,265.82350092986593,-1.0,0.0,0,36540.0,9,-1,-1.0
right_21442,36521.0,401.9426932472763,-1.0,0.0,0,36545.0,11,-1,-1.0
right_21459,36576.0,1.808754767956373,1.0011364808324856,90.0,0,36673.0,0,0,1.0
right_21464,36576.0,222.67355551728986,16.00302622695301,90.0,0,36681.0,2,2,81.0
right_21468,36576.0,320.1993107055314,23.504053621455625,90.0,0,36684.0,3,3,75.0
right_21480,36631.0,53.50818975576947,53.50818975576947,35.0,1,36694.0,7,7,48.0
right_21495,36631.0,216.8685740564944,83.51239571125836,35.0,1,36702.0,11,11,15.0
right_21513,36686.0,143.5213341715024,143.52044046401613,0.0,0,36718.0,15,14,4.0
right_21514,36686.0,152.69026346057342,-1.0,0.0,0,36720.0,16,-1,-1.0
right_21536,36686.0,494.7904188929126,-1.0,0.0,0,36731.0,22,-1,-1.0
right_21575,36741.0,436.8019290406257,1.0011508500250557,0.0,0,36865.0,5,0,1.0
right_21578,36741.0,476.73476037085055,8.502130593281493,0.0,0,36870.0,6,1,84.0
right_21593,36796.0,31.06602367670445,31.005260501056448,62.0,1,36879.0,4,4,68.0
right_21601,36796.0,304.93092294828966,53.50836616436897,62.0,1,36886.0,7,7,54.0
right_21607,36796.0,487.5063620674424,68.51051671376939,62.0,1,36890.0,9,9,39.0
right_21608,36851.0,76.01161871813827,76.01161871813827,7.0,1,36892.0,10,10,24.0
right_21630,36851.0,299.736607697606,121.01804534415106,7.0,1,36904.0,16,15,1.0
right_21667,36906.0,318.2551090531982,-1.0,0.0,0,36925.0,9,-1,-1.0
right_21670,36906.0,382.5632038922049,-1.0,0.0,0,36930.0,10,-1,-1.0
right_21694,36961.0,15.073365336721336,1.0010721930702289,89.0,1,37057.0,0,0,88.0
right_21696,36961.0,91.99118361873535,8.502202551199218,89.0,1,37062.0,1,1,2.0
right_21701,36961.0,305.64017778988926,23.50432768065065,89.0,1,37068.0,3,3,1.0
right_21709,36961.0,446.8781183238141,38.50623093153581,89.0,1,37073.0,5,5,66.0
right_21768,37071.0,493.98776675583787,-1.0,0.0,0,37115.0,20,-1,-1.0
right_21788,37126.0,397.4743379679657,1.0010363690658437,0.0,0,37249.0,4,0,92.0
right_21797,37126.0,498.60524890851235,23.50412673622179,0.0,0,37261.0,7,3,80.0
right_21882,37291.0,203.06973068760698,-1.0,0.0,0,37308.0,8,-1,-1.0
right_21883,37291.0,291.5655325734988,-1.0,0.0,0,37310.0,9,-1,-1.0
right_21891,37291.0,462.2259827283211,-1.0,0.0,0,37323.0,12,-1,-1.0
right_21910,37346.0,1.0227133133672055,1.0011359140639795,88.0,1,37441.0,0,0,1.0
right_22005,37456.0,276.68724079415745,-1.0,0.0,0,37496.0,18,-1,-1.0
right_22035,37511.0,34.765552294843985,-1.0,0.0,0,37514.0,1,-1,-1.0
right_22045,37511.0,424.32082574106767,1.0010008035110332,0.0,0,37633.0,6,0,89.0
right_22049,37511.0,476.94732685098427,8.502088986814783,0.0,0,37638.0,7,1,82.0
right_22074,37566.0,369.82453717961897,53.50831767364645,60.0,1,37654.0,7,7,48.0
right_22143,37676.0,478.2924916092077,-1.0,0.0,0,37712.0,11,-1,-1.0
right_22156,37731.0,1.0041068323837408,1.001008518051265,87.0,1,37825.0,0,0,91.0
right_22183,37786.0,53.508392507647606,53.508392507647606,32.0,1,37846.0,7,7,46.0
right_22200,37786.0,231.1450774003751,83.51263128536738,32.0,1,37855.0,11,11,32.0
right_22291,37896.0,369.2215288978533,1.0010899347732334,0.0,0,38017.0,4,0,92.0
right_22299,37951.0,31.005306914812824,31.005306914812824,59.0,1,38031.0,4,4,20.0
right_22310,37951.0,187.1555369869805,53.50845682431185,59.0,1,38038.0,7,7,8.0
right_22324,37951.0,328.4426510830409,61.00947609851437,59.0,1,38040.0,8,8,1.0
right_22390,38061.0,328.4169643652625,-1.0,0.0,0,38081.0,9,-1,-1.0
right_22407,38116.0,1.001105918521489,1.001105918521489,86.0,1,38209.0,0,0,19.0
right_22424,38116.0,69.5342926898038,16.00324714832186,86.0,1,38218.0,2,2,14.0
right_22491,38226.0,431.29096612380823,-1.0,0.0,0,38264.0,18,-1,-1.0
right_22524,38281.0,378.9210730009712,1.0010648952059569,0.0,0,38401.0,3,0,91.0
right_22532,38281.0,432.3614321932306,8.502101441006914,0.0,0,38406.0,4,1,87.0
right_22542,38336.0,38.50638505059919,38.50638505059919,58.0,1,38417.0,5,5,3.0
right_22590,38391.0,451.27176460167396,158.5228602933173,3.0,1,38451.0,21,15,4.0
right_22592,38391.0,484.0814454123377,-1.0,3.0,1,38453.0,22,-1,-1.0
right_22652,38501.0,1.001002161923509,1.001002161923509,85.0,1,38593.0,0,0,92.0
right_22662,38501.0,265.131886087451,31.005279152243762,85.0,1,38607.0,4,4,75.0
right_22696,38556.0,393.4459383877925,98.5146991886412,30.0,1,38627.0,13,13,24.0
right_22756,38666.0,259.9767123542841,1.0010177963407614,0.0,0,38785.0,2,0,94.0
right_22758,38666.0,345.1107952636666,8.502131330802285,0.0,0,38790.0,3,1,6.0
right_22804,38776.0,98.51441627748926,98.51441627748926,2.0,1,38818.0,13,13,22.0
right_22857,38831.0,91.67384911448984,-1.0,0.0,0,38839.0,4,-1,-1.0
right_22904,38886.0,1.003295484302555,1.0010798295192558,84.0,1,38977.0,0,0,87.0
right_22905,38886.0,39.578996739761855,8.50214936941677,84.0,1,38982.0,1,1,81.0
right_22916,38886.0,286.4169128087349,23.50420798422772,84.0,1,38988.0,3,3,71.0
right_23022,39051.0,374.44284862028434,1.0010082661478918,0.0,0,39169.0,4,0,88.0
right_23038,39106.0,31.005163007921855,31.005163007921855,56.0,1,39182.0,4,4,67.0
right_23121,39216.0,337.6715031565678,-1.0,0.0,0,39235.0,8,-1,-1.0
right_23150,39271.0,1.0010750060332043,1.0010750060332043,83.0,1,39361.0,0,0,90.0
right_23151,39271.0,9.10785885497063,8.502085456329496,83.0,1,39366.0,1,1,85.0
right_23166,39326.0,68.51063081482431,68.5103751246964,28.0,1,39387.0,9,9,42.0
right_23168,39326.0,76.10045067726037,76.0115370458094,28.0,1,39389.0,10,10,1.0
right_23191,39381.0,135.9338001089057,-1.0,0.0,0,39405.0,11,-1,-1.0
right_23243,39436.0,318.04740672949697,1.0011049813159048,0.0,0,39553.0,3,0,19.0
right_23246,39436.0,424.3374369552359,16.003241007323936,0.0,0,39561.0,5,2,17.0
right_23248,39436.0,473.1822144313716,23.50427919776968,0.0,0,39564.0,6,3,8.0
right_23289,39491.0,496.1346344616264,91.01344988024357,55.0,1,39584.0,12,12,32.0
right_23327,39546.0,499.6707387384028,-1.0,0.0,1,39605.0,23,-1,-1.0
right_23356,39601.0,436.0774962941185,-1.0,0.0,0,39631.0,9,-1,-1.0
right_23367,39601.0,472.5679365960881,-1.0,0.0,0,39634.0,10,-1,-1.0
right_23378,39656.0,1.0010363637567252,1.0010363637567252,82.0,1,39745.0,0,0,89.0
right_23400,39656.0,258.67637710040435,31.005343801297784,82.0,1,39759.0,4,4,2.0
right_23405,39656.0,469.326035741996,53.50830676176885,82.0,1,39766.0,7,7,56.0
right_23410,39711.0,76.01147240367726,76.01147240367726,27.0,1,39773.0,10,10,5.0
right_23411,39711.0,83.5240181193446,83.51252882894363,27.0,1,39775.0,11,11,2.0
right_23413,39711.0,123.95033282130913,91.01345762438416,27.0,1,39777.0,12,12,36.0
right_23438,39766.0,158.5219756622923,-1.0,0.0,0,39794.0,14,-1,-1.0
right_23444,39766.0,166.06679174737482,-1.0,0.0,0,39796.0,15,-1,-1.0
right_23504,39821.0,327.758263562154,1.0010451530940827,0.0,0,39937.0,3,0,91.0
right_23514,39821.0,494.7896263548173,23.50421559257478,0.0,0,39949.0,6,3,1.0
right_23528,39876.0,38.506139598701225,38.506139598701225,54.0,1,39954.0,5,5,66.0
right_23597,39931.0,474.453328545019,-1.0,5.0,1,39985.0,20,-1,-1.0
right_23646,40041.0,1.0010936620761868,1.0010936620761868,81.0,1,40129.0,0,0,88.0
right_23648,40041.0,8.503814834983757,8.502166084718171,81.0,1,40134.0,1,1,85.0
right_23654,40041.0,240.35014268420628,23.504212327156324,81.0,1,40140.0,3,3,72.0
right_23696,40151.0,118.40882949334237,-1.0,0.0,0,40169.0,8,-1,-1.0
right_23699,40151.0,127.55662916182804,-1.0,0.0,0,40171.0,9,-1,-1.0
right_23755,40206.0,268.65504389172423,1.001095584824327,0.0,0,40321.0,3,0,93.0
right_23770,40261.0,38.506376715565686,38.506376715565686,53.0,1,40338.0,5,5,65.0
right_23791,40261.0,236.2198042812756,68.51046751768291,53.0,1,40347.0,9,9,54.0
right_23859,40426.0,1.001056390887868,1.001056390887868,80.0,1,40513.0,0,0,87.0
right_23869,40426.0,27.08316427843061,16.003164209388558,80.0,1,40521.0,2,2,80.0
right_23874,40426.0,367.7996738471089,38.50629081315111,80.0,1,40529.0,5,5,66.0
right_23884,40426.0,498.7122884495184,61.00942550318314,80.0,1,40536.0,8,8,49.0
right_23909,40481.0,471.6707215041236,128.51878945244118,25.0,1,40555.0,17,16,2.0
right_23912,40536.0,142.85360392080804,-1.0,0.0,0,40559.0,11,-1,-1.0
right_23966,40591.0,16.304496896684213,-1.0,0.0,0,40592.0,0,-1,-1.0
right_23981,40591.0,288.97016767142327,1.0010713043823785,0.0,0,40705.0,3,0,91.0
right_23992,40646.0,31.005342318586546,31.005342318586546,52.0,1,40719.0,4,4,63.0
right_24007,40646.0,255.76262208633116,61.009412107419614,52.0,1,40728.0,8,8,47.0
right_24063,40756.0,40.784857860135844,-1.0,0.0,0,40760.0,2,-1,-1.0
right_24096,40811.0,1.0010877317266704,1.0010877317266704,79.0,1,40897.0,0,0,86.0
right_24099,40811.0,8.50211168265082,8.50211168265082,79.0,1,40902.0,1,1,86.0
right_24121,40811.0,364.10323482612137,46.00733549750419,79.0,1,40916.0,6,6,63.0
right_24153,40866.0,432.08895787978537,128.5189465193136,24.0,1,40939.0,17,17,21.0
right_24174,40921.0,173.51490604047325,-1.0,0.0,0,40950.0,14,-1,-1.0
right_24207,40976.0,231.9182209856807,1.0010614803726412,0.0,0,41089.0,2,0,91.0
right_24212,40976.0,414.7105328994091,16.00330366245464,0.0,0,41098.0,4,2,3.0
right_24228,41031.0,53.50893742318675,53.50847697445192,51.0,1,41110.0,7,7,1.0
right_24243,41031.0,363.8169461185113,76.01153712459711,51.0,1,41117.0,10,10,42.0
right_24269,41086.0,469.42274500727655,-1.0,2.0,1,41140.0,22,-1,-1.0
right_24272,41086.0,494.6354686488397,-1.0,2.0,1,41142.0,23,-1,-1.0
right_24293,41141.0,408.0918187470176,-1.0,0.0,0,41165.0,8,-1,-1.0
right_24302,41196.0,1.0010069774674548,1.0010069774674548,78.0,1,41281.0,0,0,85.0
right_24305,41196.0,8.505064566619126,8.502066023470945,78.0,1,41286.0,1,1,83.0
right_24310,41196.0,16.133414227523815,16.003076819222258,78.0,1,41289.0,2,2,80.0
right_24359,41251.0,476.34956033827103,128.51856149396468,23.0,1,41323.0,17,15,11.0
right_24363,41251.0,496.49230030374605,136.01970485439682,23.0,1,41325.0,18,15,1.0
right_24422,41361.0,231.65440411940207,1.0010642706546378,0.0,0,41473.0,2,0,92.0
right_24426,41361.0,376.10192880993714,8.502108685205599,0.0,0,41478.0,3,1,84.0
right_24433,41361.0,467.64927583150563,23.504273471085874,0.0,0,41484.0,5,3,5.0
right_24439,41361.0,491.92680533947424,31.00534021547429,0.0,0,41487.0,6,4,3.0
right_24553,41581.0,1.0010259122725529,1.0010259122725529,77.0,1,41665.0,0,0,84.0
right_24554,41581.0,8.50247712699138,8.502130195156269,77.0,1,41670.0,1,1,5.0
right_24579,41636.0,68.51030722763535,68.51030722763535,22.0,1,41691.0,9,9,38.0
right_24586,41636.0,76.06072093597693,76.01130889179046,22.0,1,41693.0,10,10,35.0
right_24627,41691.0,149.4024090017029,-1.0,0.0,0,41712.0,11,-1,-1.0
right_24667,41746.0,81.10519955522972,-1.0,0.0,0,41751.0,0,-1,-1.0
right_24671,41746.0,248.0235964319968,1.001024775280314,0.0,0,41857.0,2,0,93.0
right_24675,41746.0,371.82198042972016,8.502047935568896,0.0,0,41862.0,3,1,85.0
right_24710,41801.0,498.67896937569606,98.51450258636585,49.0,1,41890.0,13,13,25.0
right_24726,41856.0,201.6852364111393,136.01977052165938,0.0,1,41901.0,18,15,9.0
right_24745,41911.0,50.694118697923386,-1.0,0.0,0,41916.0,2,-1,-1.0
right_24772,41966.0,1.001059524759853,1.001059524759853,76.0,1,42049.0,0,0,83.0
right_24774,41966.0,8.502112389623505,8.502112389623505,76.0,1,42054.0,1,1,84.0
right_24782,41966.0,110.05079318437096,23.50413794258168,76.0,1,42060.0,3,3,73.0
right_24784,41966.0,368.43580008735876,38.5063248232845,76.0,1,42065.0,5,5,2.0
right_24851,42076.0,419.6693083405495,-1.0,0.0,0,42109.0,16,-1,-1.0
right_24854,42076.0,460.34169090855863,-1.0,0.0,0,42111.0,17,-1,-1.0
right_24864,42131.0,221.3290613126201,1.0010713323100615,0.0,0,42241.0,1,0,89.0
right_24866,42131.0,323.15039582122114,8.50207946473131,0.0,0,42246.0,2,1,85.0
right_24870,42131.0,443.2899322971865,23.504184188629154,0.0,0,42252.0,4,3,77.0
right_24921,42241.0,459.94054594114425,-1.0,0.0,0,42292.0,22,-1,-1.0
right_24945,42296.0,368.29814487472174,-1.0,0.0,0,42317.0,6,-1,-1.0
right_24951,42296.0,491.85873252395777,1.0010434640917651,0.0,0,42433.0,9,0,90.0
right_24955,42351.0,8.50210377021574,8.50210377021574,75.0,1,42438.0,1,1,83.0
right_24960,42351.0,16.003133884183054,16.003133884183054,75.0,1,42441.0,2,2,83.0
right_24980,42351.0,293.808966703061,38.50628235737906,75.0,1,42450.0,5,5,67.0
right_24995,42406.0,76.01148872683068,76.01148872683068,20.0,1,42461.0,10,10,37.0
right_25010,42406.0,363.1554618048482,113.51666373953499,20.0,1,42471.0,15,15,18.0
right_25040,42461.0,390.64109617313375,-1.0,0.0,0,42492.0,16,-1,-1.0
right_25058,42516.0,175.24804491577663,1.0010440295710057,0.0,0,42625.0,1,0,94.0
right_25138,42681.0,456.38759543451033,-1.0,0.0,0,42711.0,9,-1,-1.0
right_25145,42681.0,491.77700500069193,1.0010423683667682,0.0,0,42817.0,10,0,91.0
right_25168,42736.0,198.57804407273343,38.506155837526315,74.0,1,42833.0,5,5,68.0
right_25248,42846.0,337.65587168568743,-1.0,0.0,0,42875.0,14,-1,-1.0
right_25286,42901.0,185.51399069251488,1.0010097147397232,0.0,0,43009.0,2,0,93.0
right_25310,42956.0,53.50839965770348,53.50839965770348,46.0,1,43030.0,7,7,60.0
right_25380,43066.0,38.70195950134917,-1.0,0.0,0,43070.0,2,-1,-1.0
right_25412,43066.0,496.2202530510724,1.0011367322737783,0.0,0,43201.0,10,0,5.0
right_25416,43121.0,8.50203441865284,8.50203441865284,73.0,1,43206.0,1,1,81.0
right_25427,43121.0,394.6587552765384,46.00724973661085,73.0,1,43220.0,6,6,58.0
right_25444,43176.0,234.33322305902828,91.01354259408959,18.0,1,43232.0,12,12,21.0
right_25472,43231.0,148.8211616570288,-1.0,0.0,0,43250.0,9,-1,-1.0
right_25509,43286.0,181.78249060808474,1.00109288989961,0.0,0,43393.0,1,0,90.0
right_25512,43286.0,255.1910460714065,8.502153691405907,0.0,0,43398.0,2,1,85.0
right_25517,43286.0,355.17956166593353,16.00324117142793,0.0,0,43401.0,3,2,80.0
right_25521,43286.0,427.40533930892127,23.50425676152315,0.0,0,43404.0,4,3,75.0
right_25526,43286.0,496.4482188141905,38.506354848210385,0.0,0,43409.0,6,5,68.0
right_25590,43396.0,445.7740673675766,-1.0,0.0,0,43446.0,22,-1,-1.0
right_25634,43451.0,475.89352144515135,1.0010126774511718,0.0,0,43585.0,9,0,91.0
right_25640,43451.0,497.3509560985491,8.502108022177083,0.0,0,43590.0,10,1,89.0
right_25646,43506.0,23.50464902647553,23.504126316362715,72.0,1,43596.0,3,3,79.0
right_25684,43561.0,419.95207693511617,128.51872848720905,17.0,1,43626.0,17,16,11.0
right_25713,43616.0,316.5308754927478,-1.0,0.0,0,43643.0,13,-1,-1.0
right_25731,43671.0,14.850411355578329,-1.0,0.0,0,43672.0,0,-1,-1.0
right_25737,43671.0,174.32609668721332,1.001130127360682,0.0,0,43777.0,2,0,1.0
right_25739,43671.0,258.6069182720217,8.502136179454055,0.0,0,43782.0,3,1,1.0
right_25788,43726.0,498.74773571293866,113.51645936873406,44.0,1,43815.0,15,15,23.0
right_25798,43781.0,143.55689135377673,143.52080310885026,0.0,0,43823.0,18,16,1.0
right_25833,43836.0,475.49676697554423,1.0010658600544955,0.0,0,43969.0,8,0,95.0
right_25834,43891.0,8.502088049652116,8.502088049652116,71.0,1,43974.0,1,1,79.0
right_25840,43891.0,23.61353799057724,23.5042874876998,71.0,1,43980.0,3,3,5.0
right_25895,43946.0,483.4675299179741,143.52082681097926,16.0,1,44014.0,19,16,8.0
right_25901,43946.0,498.6651891052723,151.0218542264654,16.0,1,44016.0,20,14,3.0
right_25956,44056.0,111.99927906598879,1.0010013944988143,0.0,0,44161.0,1,0,89.0
right_25958,44056.0,222.36917917467645,8.502096713148319,0.0,0,44166.0,2,1,87.0
right_25963,44056.0,307.37430557971817,16.003223900924638,0.0,0,44169.0,3,2,3.0
right_26003,44111.0,489.85647952658525,106.01538184002851,43.0,1,44196.0,14,14,23.0
right_26032,44166.0,150.95167695825995,143.52049330646318,0.0,0,44206.0,18,14,5.0
right_26057,44166.0,494.7770952776074,-1.0,0.0,0,44217.0,24,-1,-1.0
right_26081,44221.0,338.59670674956504,-1.0,0.0,0,44240.0,4,-1,-1.0
right_26098,44221.0,482.85497307945036,1.0010535442495438,0.0,0,44353.0,7,0,89.0
right_26100,44221.0,499.61143129505217,8.502065660324035,0.0,0,44358.0,8,1,86.0
right_26122,44276.0,433.68208112809805,53.50831385108688,70.0,1,44375.0,7,7,30.0
right_26160,44331.0,488.83315279874944,136.01952221348773,15.0,1,44398.0,18,14,5.0
right_26176,44386.0,494.13413820024584,-1.0,0.0,0,44429.0,17,-1,-1.0
right_26189,44441.0,106.15665817419044,1.0011035379039868,0.0,0,44545.0,0,0,4.0
right_26191,44441.0,195.8394867235794,8.502048620294545,0.0,0,44550.0,1,1,86.0
right_26197,44441.0,399.07981479112055,23.504156538466077,0.0,0,44556.0,3,3,75.0
right_26198,44441.0,442.3762113482691,31.005218033821787,0.0,0,44559.0,4,4,73.0
right_26214,44496.0,82.28759749689874,61.00948964989891,42.0,1,44569.0,8,8,7.0
right_26225,44496.0,236.36784990597505,68.51035310705868,42.0,1,44571.0,9,9,42.0
right_26287,44606.0,0.2908168280908967,-1.0,0.0,0,44606.0,0,-1,-1.0
right_26321,44606.0,479.1185691334307,1.0010844537201251,0.0,0,44737.0,7,0,87.0
right_26381,44771.0,207.25134725773938,-1.0,0.0,0,44793.0,11,-1,-1.0
right_26385,44771.0,424.39907553847877,-1.0,0.0,0,44799.0,14,-1,-1.0
right_26399,44826.0,38.786050082902996,1.0010090916869103,0.0,0,44929.0,0,0,96.0
right_26404,44826.0,189.68172486106232,16.003117163317086,0.0,0,44937.0,2,2,89.0
right_26408,44826.0,283.77164858914915,23.50412008393789,0.0,0,44940.0,3,3,81.0
right_26411,44826.0,395.7798992618918,31.0052015408038,0.0,0,44943.0,4,4,75.0
right_26419,44826.0,497.0997477978468,46.0072095242386,0.0,0,44948.0,6,6,65.0
right_26432,44881.0,176.35095725799613,76.01142821770532,41.0,1,44956.0,10,10,43.0
right_26455,44936.0,121.01749479093769,121.01749479093769,0.0,0,44969.0,14,14,9.0
right_26457,44936.0,128.51857915562366,128.51857915562366,0.0,0,44971.0,15,15,10.0
right_26461,44936.0,136.0195864538091,136.0195864538091,0.0,0,44973.0,16,16,11.0
right_26513,44991.0,397.1891008294188,1.0010521972411084,0.0,0,45121.0,6,0,92.0
right_26639,45211.0,45.97862650622574,1.0011124374632914,95.0,0,45313.0,0,0,5.0
right_26653,45211.0,421.62568476246673,31.00523224944067,95.0,0,45327.0,4,4,1.0
right_26689,45266.0,499.53005542764436,106.01535102205446,40.0,1,45349.0,14,14,17.0
right_26736,45376.0,0.20665049314533235,-1.0,0.0,0,45376.0,0,-1,-1.0
right_26758,45376.0,457.02587843025117,1.00103155660031,0.0,0,45505.0,6,0,92.0
right_26830,45486.0,490.39223616554114,-1.0,12.0,1,45548.0,18,-1,-1.0
right_26871,45541.0,438.596672941442,-1.0,0.0,0,45570.0,12,-1,-1.0
right_26883,45596.0,61.49937464251497,1.0011261475062838,94.0,0,45697.0,0,0,1.0
right_26918,45651.0,496.38082704590636,106.01560132835932,39.0,1,45732.0,14,14,19.0
right_26940,45706.0,395.87862575501197,-1.0,0.0,0,45747.0,19,-1,-1.0
right_26944,45706.0,446.83678081911063,-1.0,0.0,0,45749.0,20,-1,-1.0
right_26983,45761.0,452.43825129149485,1.0010534784536276,0.0,0,45889.0,6,0,90.0
right_26997,45816.0,124.2180601358828,31.00525111146584,66.0,1,45903.0,4,4,67.0
right_27032,45871.0,423.5379811880585,121.0180297186384,11.0,1,45929.0,16,13,6.0
right_27053,45926.0,133.20251664067234,-1.0,0.0,0,45940.0,7,-1,-1.0
right_27068,45926.0,402.5357450875454,-1.0,0.0,0,45950.0,11,-1,-1.0
right_27091,45981.0,9.64903395246813,1.0011056206999456,93.0,0,46081.0,0,0,5.0
right_27094,45981.0,163.55812534953026,8.502059915328857,93.0,0,46086.0,1,1,84.0
right_27098,45981.0,248.24427185384286,16.003067808873027,93.0,0,46089.0,2,2,81.0
right_27118,46036.0,84.09273689950999,53.50829393727912,38.0,1,46101.0,7,7,42.0
right_27125,46036.0,311.5927876122296,68.5104023460139,38.0,1,46106.0,9,9,31.0
right_27130,46036.0,386.5073323201388,76.01140718687135,38.0,1,46108.0,10,10,28.0
right_27148,46091.0,128.76555438959866,-1.0,0.0,0,46123.0,14,-1,-1.0
right_27191,46146.0,426.62332920301714,1.001067542917042,0.0,0,46273.0,5,0,92.0
right_27221,46201.0,298.0907965152524,53.50822433643731,65.0,1,46294.0,7,7,59.0
right_27224,46201.0,386.95585481040183,61.009239875265855,65.0,1,46296.0,8,8,51.0
right_27228,46201.0,437.7106532392092,68.51028567995435,65.0,1,46298.0,9,9,51.0
right_27234,46201.0,497.3415515391156,83.51244615694429,65.0,1,46302.0,11,11,39.0
right_27240,46256.0,115.55760703642592,106.01567155141892,10.0,1,46308.0,14,14,22.0
right_27242,46256.0,161.70754227104868,113.51667874917429,10.0,1,46310.0,15,15,21.0
right_27245,46256.0,261.43058672452094,121.01768290557641,10.0,1,46312.0,16,15,15.0
right_27296,46311.0,165.90764500759227,-1.0,0.0,0,46330.0,9,-1,-1.0
right_27297,46311.0,217.56315853708588,-1.0,0.0,0,46332.0,10,-1,-1.0
right_27351,46366.0,11.639186410388847,1.0011874164771941,92.0,0,46465.0,0,0,1.0
right_27355,46366.0,154.98960265849684,8.502178347978315,92.0,0,46470.0,1,1,1.0
right_27399,46421.0,370.38450769357473,83.51255403111891,37.0,1,46495.0,11,11,30.0
right_27401,46421.0,437.85742452684786,91.01363097547136,37.0,1,46497.0,12,12,28.0
right_27402,46421.0,491.5676407072693,98.5147670957242,37.0,1,46499.0,13,13,1.0
right_27418,46476.0,306.242329612188,-1.0,0.0,0,46512.0,17,-1,-1.0
right_27455,46531.0,437.5172431245446,1.0011081586188195,0.0,0,46657.0,5,0,21.0
right_27469,46586.0,23.50422324298859,23.50422324298859,64.0,1,46668.0,3,3,15.0
right_27567,46751.0,67.03686602786172,1.0010753414539977,91.0,0,46849.0,0,0,89.0
right_27612,46861.0,121.01767952702824,121.01767952702824,0.0,0,46889.0,12,12,4.0
right_27615,46861.0,146.41433209396737,-1.0,0.0,0,46893.0,14,-1,-1.0
right_27667,46916.0,222.0042255741884,-1.0,0.0,0,46930.0,2,-1,-1.0
right_27680,46916.0,432.68606248791815,1.0010530899107837,0.0,0,47041.0,5,0,89.0
right_27711,46971.0,447.25367427403114,61.00939312856269,63.0,1,47064.0,8,8,43.0
right_27728,47026.0,346.5947353797342,121.0178907703188,8.0,1,47080.0,16,15,13.0
right_27744,47081.0,94.88368080710433,-1.0,0.0,0,47090.0,4,-1,-1.0
right_27759,47081.0,198.74557478381303,-1.0,0.0,0,47097.0,8,-1,-1.0
right_27782,47136.0,1.0726172913444998,1.0010162736887764,90.0,0,47233.0,0,0,91.0
right_27785,47136.0,105.7781340362863,8.50216817443146,90.0,0,47238.0,1,1,1.0
right_27893,47301.0,429.1026130443588,1.001011387444407,0.0,0,47425.0,5,0,91.0
right_27937,47356.0,493.6607731844298,83.51241515433173,62.0,1,47454.0,11,11,35.0
right_27952,47411.0,98.51444497007981,98.51444497007981,7.0,1,47458.0,13,13,27.0
right_27981,47466.0,125.5668295913261,-1.0,0.0,0,47478.0,5,-1,-1.0
right_27982,47466.0,140.17922460577944,-1.0,0.0,0,47480.0,6,-1,-1.0
right_28012,47521.0,1.001217875729708,1.0010217548741591,89.0,1,47617.0,0,0,94.0
right_28013,47521.0,55.16815958767887,8.502156986810519,89.0,1,47622.0,1,1,1.0
right_28015,47521.0,121.95306369019664,16.003077984470337,89.0,1,47625.0,2,2,83.0
right_28016,47521.0,240.8110345058347,23.504184830148287,89.0,1,47628.0,3,3,4.0
right_28019,47521.0,319.9293161342804,31.005201541547702,89.0,1,47631.0,4,4,3.0
right_28082,47631.0,143.5205052375449,143.5205052375449,0.0,0,47662.0,15,15,5.0
right_28137,47686.0,394.7605724995024,1.0010349875856832,0.0,0,47809.0,4,0,93.0
right_28141,47686.0,446.00550800533966,8.50208937938163,0.0,0,47814.0,5,1,87.0
right_28185,47741.0,169.75930728996167,53.508344509474746,61.0,1,47830.0,7,7,62.0
right_28189,47741.0,294.60380586823436,61.00944280983015,61.0,1,47832.0,8,8,57.0
right_28192,47741.0,358.95822228314347,68.51050044270352,61.0,1,47834.0,9,9,50.0
right_28194,47741.0,437.9194515180775,76.01153610467338,61.0,1,47836.0,10,10,47.0
right_28212,47796.0,106.01566129862827,106.01566129862827,6.0,1,47844.0,14,14,27.0
right_28278,47906.0,1.0033978634656364,1.001090798567418,88.0,1,48001.0,0,0,92.0
right_28308,47961.0,232.8299292973243,83.51245198273405,33.0,1,48030.0,11,11,34.0
right_28311,47961.0,327.43296277774493,91.01346621216706,33.0,1,48032.0,12,12,32.0
right_28409,48071.0,404.33021002775064,1.0010248643367845,0.0,0,48193.0,4,0,90.0
right_28419,48126.0,38.51481015581408,38.50624779284721,60.0,1,48210.0,5,5,15.0
right_28467,48236.0,105.80339148563236,-1.0,0.0,0,48246.0,5,-1,-1.0
right_28489,48291.0,1.0225878293511528,1.0010197050930287,87.0,1,48385.0,0,0,90.0
right_28500,48291.0,340.7948705680668,31.005168581343355,87.0,1,48399.0,4,4,69.0
right_28503,48291.0,450.4511819700711,46.007197792297795,87.0,1,48404.0,6,6,67.0
right_28516,48346.0,68.51037545817222,68.51037545817222,32.0,1,48411.0,9,9,48.0
right_28517,48346.0,76.01146113743755,76.01146113743755,32.0,1,48413.0,10,10,48.0
right_28597,48456.0,369.3651197500527,1.0011075608045985,0.0,0,48577.0,4,0,1.0
right_28607,48456.0,467.009511378035,16.003044472950588,0.0,0,48585.0,6,2,84.0
right_28609,48456.0,490.7098273773678,23.504046327292546,0.0,0,48588.0,7,3,82.0
right_28620,48511.0,213.2867076671513,53.50819354722086,59.0,1,48598.0,7,7,8.0
right_28638,48511.0,474.54216476809233,83.51221844085086,59.0,1,48606.0,11,11,39.0
right_28650,48566.0,106.01543352332442,106.01543352332442,4.0,1,48612.0,14,14,25.0
right_28698,48621.0,280.4128443527966,-1.0,0.0,0,48639.0,9,-1,-1.0
right_28700,48621.0,344.82918138476083,-1.0,0.0,0,48644.0,10,-1,-1.0
right_28712,48676.0,1.0010107677720157,1.0010107677720157,86.0,1,48769.0,0,0,93.0
right_28720,48676.0,8.502630386176577,8.502060040655406,86.0,1,48774.0,1,1,92.0
right_28723,48676.0,140.99167400430878,23.504170556501087,86.0,1,48780.0,3,3,82.0
right_28740,48676.0,448.29899588916453,53.50824180551847,86.0,1,48790.0,7,7,66.0
right_28751,48731.0,217.96629225462243,91.01338811426865,31.0,1,48801.0,12,12,36.0
right_28753,48731.0,371.1588801706209,106.01546532936929,31.0,1,48805.0,14,14,30.0
right_28823,48841.0,398.3146174435153,1.001079203961865,0.0,0,48961.0,4,0,88.0
right_28827,48841.0,473.451324437093,8.502172881045738,0.0,0,48966.0,5,1,80.0
right_28834,48896.0,31.00559997847671,31.00530342681537,58.0,1,48975.0,4,4,67.0
right_28845,48896.0,312.7128526909277,53.5085032070736,58.0,1,48982.0,7,7,53.0
right_28885,48951.0,475.2796623179689,-1.0,3.0,1,49008.0,20,-1,-1.0
right_28918,49061.0,1.0012110661148768,1.0010411713407734,85.0,1,49153.0,0,0,90.0
right_28929,49061.0,15.135004607163069,8.502051988316907,85.0,1,49158.0,1,1,87.0
right_29022,49171.0,482.27867085570466,-1.0,0.0,0,49211.0,20,-1,-1.0
right_29031,49226.0,15.355050520886152,-1.0,0.0,0,49227.0,0,-1,-1.0
right_29038,49226.0,140.6501359773996,-1.0,0.0,0,49236.0,1,-1,-1.0
right_29044,49226.0,368.2588200120255,1.001006381998934,0.0,0,49345.0,4,0,89.0
right_29106,49336.0,91.01340769757944,91.01340769757944,2.0,1,49376.0,12,12,21.0
right_29155,49391.0,108.42641448310314,-1.0,0.0,0,49401.0,5,-1,-1.0
right_29177,49446.0,1.0010796974060554,1.0010796974060554,84.0,1,49537.0,0,0,91.0
right_29181,49446.0,8.512132782991557,8.502173441489504,84.0,1,49542.0,1,1,87.0
right_29185,49446.0,49.20863668592597,16.003277893550376,84.0,1,49545.0,2,2,4.0
right_29192,49446.0,476.9795362579636,46.0074652139748,84.0,1,49555.0,6,6,57.0
right_29260,49556.0,450.75715172821657,-1.0,0.0,0,49593.0,18,-1,-1.0
right_29292,49611.0,368.1793583068997,1.00106500912824,0.0,0,49729.0,3,0,88.0
right_29296,49611.0,435.8262268870138,8.502133712606451,0.0,0,49734.0,4,1,84.0
right_29298,49611.0,475.6211659580469,16.003236210664912,0.0,0,49737.0,5,2,16.0
right_29315,49666.0,38.50769475265497,38.50631391395853,56.0,1,49745.0,5,5,13.0
right_29375,49776.0,123.9150121998343,-1.0,0.0,0,49787.0,6,-1,-1.0
right_29408,49831.0,1.0010106930586176,1.0010106930586176,83.0,1,49921.0,0,0,90.0
right_29468,49941.0,135.9431417375256,-1.0,0.0,0,49964.0,11,-1,-1.0
right_29480,49941.0,158.52309028953778,-1.0,0.0,0,49970.0,14,-1,-1.0
right_29484,49941.0,167.20406346757875,-1.0,0.0,0,49972.0,15,-1,-1.0
right_29486,49941.0,313.2974094255827,-1.0,0.0,0,49976.0,17,-1,-1.0
right_29512,49996.0,132.9189736782858,-1.0,0.0,0,50005.0,0,-1,-1.0
right_29530,49996.0,357.32033374439925,1.0010250713979758,0.0,0,50113.0,3,0,88.0
right_29536,49996.0,483.7646606683731,16.00314995779695,0.0,0,50121.0,5,2,1.0
right_29614,50106.0,499.74704313902186,-1.0,0.0,1,50164.0,23,-1,-1.0
right_29644,50216.0,1.0010477793504722,1.0010477793504722,82.0,1,50305.0,0,0,89.0
right_29658,50216.0,197.94504514075808,31.005283542677827,82.0,1,50319.0,4,4,77.0
right_29738,50326.0,224.93312570070842,-1.0,0.0,0,50364.0,18,-1,-1.0
right_29745,50326.0,300.06314887842166,-1.0,0.0,0,50366.0,19,-1,-1.0
right_29791,50381.0,327.62275443337865,1.0010871113343571,0.0,0,50497.0,3,0,92.0
right_29792,50381.0,376.1836417646148,8.502115382296836,0.0,0,50502.0,4,1,84.0
right_29862,50491.0,499.45835839314384,-1.0,5.0,1,50555.0,26,-1,-1.0
right_29891,50546.0,464.96845622444533,-1.0,0.0,0,50580.0,13,-1,-1.0
right_29905,50601.0,1.001097373465143,1.001097373465143,81.0,1,50689.0,0,0,88.0
right_29976,50711.0,173.525137801426,173.525137801426,0.0,0,50742.0,15,15,1.0
